paper_id,0,1,2,3,4,5,decision
09QFnDWPF8,8.0,5.0,7.0,,,,Accept
pnSyqRXx73,5.0,6.0,7.0,7.0,,,Accept
EqJ5_hZSqgy,7.0,7.0,3.0,,,,Accept
xnI37HyfoP,7.0,6.0,6.0,,,,Accept
OoNmOfYVhEU,6.0,5.0,6.0,6.0,,,Accept
0Dh8dz4snu,6.0,4.0,7.0,,,,Accept
s1yaWFDLxVG,7.0,7.0,7.0,5.0,,,Accept
02dbnEbEFn,4.0,5.0,8.0,,,,Accept
7eUOC9fEIRO,7.0,7.0,6.0,5.0,,,Accept
BUMiizPcby6,5.0,6.0,7.0,,,,Accept
kpSAfnHSgXR,6.0,5.0,5.0,,,,Accept
qx51yfvLnE,4.0,6.0,5.0,7.0,,,Accept
KRk0lBRPpOC,4.0,7.0,3.0,7.0,,,Accept
TiZYrQ-mPup,6.0,8.0,7.0,8.0,,,Accept
xuw7R0hP7G,7.0,6.0,6.0,6.0,,,Accept
yLilJ1vZgMe,6.0,6.0,7.0,7.0,,,Accept
XvI6h-s4un,7.0,6.0,7.0,,,,Accept
ZMFQtvVJr40,8.0,7.0,5.0,,,,Accept
6iqd9JAVR1z,7.0,6.0,6.0,,,,Accept
uPyNR2yPoe,7.0,4.0,7.0,7.0,4.0,,Accept
82N_rasrUT_,6.0,3.0,5.0,7.0,5.0,,Accept
WBv9Z6qpA8x,7.0,7.0,5.0,4.0,,,Accept
F_9w7Wl78IH,6.0,7.0,6.0,,,,Accept
ffy-h0GKZbK,6.0,3.0,6.0,,,,Accept
6dfYc2IUj4,4.0,6.0,6.0,6.0,,,Accept
1vusesyN7E,6.0,6.0,7.0,5.0,,,Accept
SiSv_XDMksL,7.0,6.0,6.0,7.0,,,Accept
WcxJooGBCc,4.0,7.0,7.0,6.0,,,Accept
CLMuNJSJfhv,5.0,7.0,4.0,,,,Accept
St5q10aqLTO,8.0,7.0,7.0,5.0,,,Accept
9sKZ60VtRmi,7.0,6.0,6.0,,,,Accept
YRDXX4IIA9,6.0,8.0,7.0,7.0,,,Accept
cxZEBQFDoFK,5.0,7.0,6.0,7.0,,,Accept
8gUjpEsLCU,4.0,7.0,6.0,,,,Accept
QTjJMy-UNO,7.0,6.0,7.0,6.0,,,Accept
HBGvWy9Vxq,6.0,5.0,7.0,,,,Accept
GisHNaleWiA,8.0,7.0,9.0,,,,Accept
hjqTeP05OMB,7.0,7.0,6.0,7.0,,,Accept
8ViFz-5Mnnv,4.0,4.0,6.0,6.0,5.0,,Accept
M_et7iOQC_s,6.0,6.0,5.0,,,,Accept
q9XPBhFgL6z,3.0,5.0,5.0,6.0,7.0,,Accept
FR289LMkmxZ,8.0,7.0,7.0,7.0,,,Accept
m6HNNpQO8dc,6.0,7.0,7.0,,,,Accept
OptX3Db1P4,5.0,6.0,6.0,,,,Accept
uOdTKkg2FtP,5.0,7.0,6.0,,,,Accept
zBlj0Cs6dw1,7.0,5.0,5.0,6.0,,,Accept
VPhhd5pv0Qs,6.0,8.0,3.0,7.0,,,Accept
d19Dsqtw421,7.0,5.0,6.0,7.0,,,Accept
6mej19W1ppP,7.0,6.0,6.0,,,,Accept
QFMw21ZKaa_,6.0,7.0,5.0,5.0,,,Accept
lKULHf7oFDo,7.0,7.0,6.0,,,,Accept
VHzCiK727EL,6.0,4.0,4.0,,,,Accept
2S_GtHBtTUP,7.0,6.0,5.0,,,,Accept
TATzsweWfof,4.0,5.0,5.0,7.0,,,Accept
h2imPVlCCyN,6.0,6.0,7.0,7.0,,,Accept
VoLXWO1L-43,6.0,6.0,6.0,5.0,,,Accept
8bk68fodvD5,5.0,6.0,6.0,6.0,,,Accept
opw858PBJl6,7.0,8.0,6.0,8.0,,,Accept
2FNnBhwJsHK,5.0,5.0,7.0,,,,Accept
epjxT_ARZW5,7.0,7.0,6.0,7.0,,,Accept
9-vs8BucEoo,6.0,7.0,7.0,,,,Accept
vWUmBjin_-o,7.0,7.0,5.0,6.0,,,Accept
u_7qyNFwkP8,6.0,6.0,4.0,8.0,,,Accept
cUOR-_VsavA,6.0,4.0,6.0,7.0,,,Accept
Roiw2Trm-qP,6.0,3.0,6.0,5.0,,,Accept
0gouO5saq6K,6.0,8.0,7.0,7.0,,,Accept
fWHOcnHb1n,7.0,5.0,4.0,,,,Accept
0VhrZPJXcTU,5.0,3.0,3.0,,,,Accept
W72rB0wwLVu,7.0,5.0,6.0,7.0,,,Accept
ft4xGJ8tIZH,4.0,6.0,7.0,5.0,,,Accept
9cPDqh9fQMy,4.0,5.0,5.0,5.0,,,Accept
8oj_2Ypp0j,6.0,5.0,7.0,,,,Accept
ikWvMRVQBWW,7.0,6.0,5.0,7.0,,,Accept
1l5hEEK_j13,6.0,7.0,6.0,6.0,,,Accept
9xRZlV6GfOX,6.0,8.0,7.0,6.0,,,Accept
weoLjoYFvXY,4.0,4.0,4.0,,,,Accept
JCbLxJ1E6SO,8.0,7.0,5.0,8.0,,,Accept
5wdvW_hI7bP,5.0,5.0,5.0,,,,Accept
O3My0RK9s_R,5.0,7.0,6.0,8.0,,,Accept
hdZeYGNCTtN,7.0,7.0,6.0,,,,Accept
NqDXfe2oC_1,7.0,8.0,6.0,,,,Accept
anqloMQdWtP,3.0,7.0,6.0,,,,Accept
J4pX8Q8cxHH,5.0,7.0,4.0,4.0,,,Accept
5Z3GURcqwT,7.0,3.0,5.0,,,,Accept
WWVcsfI0jGH,7.0,7.0,7.0,4.0,,,Accept
tX_dIvk4j-s,5.0,4.0,6.0,4.0,,,Accept
AluQNIIb_Zy,6.0,5.0,7.0,6.0,,,Accept
mux7gn3g_3,4.0,6.0,4.0,,,,Accept
WBhqzpF6KYH,7.0,4.0,6.0,6.0,,,Accept
KQYodS0W0j,7.0,7.0,,,,,Accept
L-ceBdl2DPb,3.0,4.0,6.0,,,,Accept
6Kj1wCgiUp_,7.0,6.0,7.0,,,,Accept
7-LTDcvNc_,6.0,7.0,5.0,,,,Accept
sADLRl2STMe,5.0,6.0,8.0,7.0,,,Accept
R9KnuFlvnU,6.0,6.0,7.0,,,,Accept
Od4oKKwBx7Z,3.0,7.0,6.0,7.0,,,Accept
kjR8GiwqCK,6.0,6.0,7.0,,,,Accept
o-mxIWAY1T8,7.0,8.0,7.0,5.0,,,Accept
NtJyGXo0nF,6.0,5.0,9.0,,,,Accept
11WmFbrIt26,6.0,6.0,5.0,6.0,,,Accept
yb3HOXO3lX2,6.0,6.0,8.0,5.0,,,Accept
5yjM1sQ1uKZ,5.0,6.0,6.0,7.0,,,Accept
5WuQNQwy56M,6.0,7.0,8.0,7.0,,,Accept
TYMGhqlSFkC,5.0,7.0,6.0,4.0,,,Accept
pgF-N1YORd,6.0,5.0,7.0,,,,Accept
LJdUUOmWjX,8.0,7.0,8.0,,,,Accept
snUOkDdJypm,7.0,7.0,7.0,8.0,,,Accept
g2dXxjD9Ucv,7.0,6.0,4.0,7.0,,,Accept
TG8KACxEON,7.0,6.0,8.0,5.0,,,Accept
0OGMrvHnQbb,7.0,4.0,6.0,,,,Accept
B5qRau1IxjM,4.0,6.0,6.0,,,,Accept
EvtEGQmXe3,6.0,7.0,6.0,,,,Accept
5oS20NUCJEX,8.0,6.0,4.0,,,,Accept
yKDKNzjHg8N,7.0,8.0,6.0,8.0,,,Accept
mamv07NQWk,5.0,7.0,8.0,,,,Accept
4wrB7Mo9_OQ,6.0,5.0,5.0,,,,Accept
3y80RPgHL7s,7.0,7.0,4.0,5.0,,,Accept
OJ4mMfGKLN,6.0,6.0,8.0,8.0,,,Accept
lJx2vng-KiC,7.0,7.0,6.0,7.0,,,Accept
V22VeIZ9QU,7.0,6.0,7.0,6.0,,,Accept
9HBbWAsZxFt,3.0,7.0,6.0,,,,Accept
ue4gP8ZKiWb,3.0,8.0,8.0,,,,Accept
A2Ya5aLtyuG,6.0,7.0,7.0,,,,Accept
R1fj6401HJF,4.0,7.0,7.0,6.0,,,Accept
LivA_JyyJM,6.0,4.0,6.0,,,,Accept
p-56bnzZhQ7,8.0,8.0,7.0,6.0,,,Accept
cUY5OkP3VR,5.0,7.0,6.0,,,,Accept
yJV9zp5OKAY,8.0,4.0,5.0,5.0,,,Accept
9xVWIHFSyfl,7.0,7.0,7.0,,,,Accept
mzze3bubjk,8.0,7.0,7.0,,,,Accept
6qdUJblMHqy,4.0,4.0,8.0,7.0,,,Accept
yJE7iQSAep,8.0,5.0,7.0,6.0,,,Accept
kQgLvIFLyIu,7.0,7.0,5.0,,,,Accept
SyD-b2m2meG,5.0,7.0,5.0,7.0,,,Accept
w-Aq4vmnTOP,7.0,7.0,8.0,6.0,,,Accept
StlwkcFsjaZ,4.0,5.0,8.0,5.0,,,Accept
wph_3smhuec,6.0,6.0,7.0,2.0,,,Accept
agihaAKJ89X,7.0,6.0,7.0,,,,Accept
IUikebJ1Bf0,6.0,8.0,4.0,6.0,,,Accept
XzeTJBq1Ce2,5.0,6.0,6.0,5.0,,,Accept
NoAZRVthZL,6.0,7.0,6.0,6.0,,,Accept
hTCZbhKaDJz,5.0,8.0,7.0,7.0,,,Accept
q_AeTuxv02D,5.0,4.0,7.0,7.0,,,Accept
HnIQrSY7vPI,4.0,5.0,6.0,6.0,,,Accept
K1NPDQ7E-Cl,7.0,7.0,4.0,,,,Accept
pBJe5yu41Pq,7.0,7.0,6.0,7.0,,,Accept
i-k6J4VkCDq,6.0,5.0,4.0,5.0,,,Accept
yHFATHaIDN,6.0,7.0,5.0,6.0,,,Accept
zz0FC7qBpkh,7.0,8.0,3.0,6.0,,,Accept
isPnnaTZaP5,6.0,4.0,4.0,3.0,,,Accept
wKhUPzqVap6,7.0,6.0,7.0,,,,Accept
yKYCwTvl8eU,5.0,6.0,7.0,,,,Accept
JoukmNwGgsn,7.0,6.0,5.0,5.0,,,Accept
dYhB_alLyCO,7.0,7.0,7.0,6.0,,,Accept
VeQBBm1MmTZ,5.0,6.0,7.0,,,,Accept
JLweqJeqhSq,6.0,6.0,6.0,7.0,,,Accept
oUigTwc7Cw5,4.0,7.0,8.0,8.0,,,Accept
eV4JI-MMeX,6.0,7.0,6.0,,,,Accept
MHE27tjD8m3,7.0,6.0,3.0,3.0,,,Accept
X3RuacCx1R,8.0,7.0,5.0,,,,Accept
Q_WPshXgGI9,7.0,6.0,6.0,,,,Accept
jXgbJdQ2YIy,6.0,6.0,7.0,7.0,,,Accept
mCzMqeWSFJ,5.0,6.0,6.0,6.0,,,Accept
8gjwWnN5pfy,6.0,4.0,6.0,,,,Accept
pV7f1Rq71I5,7.0,4.0,7.0,6.0,,,Accept
6rVXMHImDzv,6.0,6.0,6.0,5.0,,,Accept
dgWo-UyVEsa,7.0,8.0,8.0,7.0,,,Accept
rUb6iKYrgXQ,8.0,7.0,7.0,,,,Accept
lWq3KDEIXIE,7.0,7.0,7.0,3.0,,,Accept
KMaI40_UaGw,7.0,7.0,7.0,,,,Accept
NgwrhCBPTVk,6.0,7.0,7.0,4.0,,,Accept
TVlKuUk-uj9,5.0,6.0,5.0,6.0,,,Accept
8xccCiF9JQ6,6.0,7.0,6.0,7.0,,,Accept
FR--mkQu0dw,8.0,6.0,7.0,,,,Accept
znbTxnBPlx,5.0,7.0,5.0,,,,Accept
51f5sPXJD_E,4.0,7.0,7.0,,,,Accept
zKBbP3R86oc,6.0,5.0,8.0,,,,Accept
CIaUMANM6gQ,6.0,4.0,7.0,,,,Accept
e8PVEkSa4Fq,5.0,7.0,6.0,5.0,,,Accept
RQ8X_iK3HT5,4.0,7.0,7.0,6.0,,,Accept
Cntmos_Ndf0,6.0,7.0,7.0,,,,Accept
wYGIxXZ_sZx,5.0,6.0,6.0,6.0,,,Accept
JRXgTMqESS,5.0,6.0,7.0,6.0,,,Accept
7yUxTNWyQGf,7.0,7.0,6.0,6.0,,,Accept
2DZ9R7GXLY,6.0,7.0,8.0,,,,Accept
D-X3kH-BkpN,7.0,8.0,5.0,8.0,,,Accept
mwIPkVDeFg,7.0,7.0,4.0,,,,Accept
NiCJDYpKaBj,6.0,6.0,7.0,7.0,,,Accept
zD65Zdh6ZhI,5.0,6.0,8.0,,,,Accept
nyCr6-0hinG,6.0,6.0,6.0,5.0,,,Accept
PQFr7FbGbO,8.0,5.0,7.0,,,,Accept
GyWsthkJ1E2,7.0,6.0,5.0,,,,Accept
ok-SB1kz67Z,4.0,7.0,6.0,3.0,,,Accept
AJzrFyqP0ci,7.0,5.0,4.0,,,,Accept
4L2zYEJ9d_,5.0,6.0,5.0,5.0,,,Accept
f2MyWR-6HrQ,6.0,6.0,8.0,,,,Accept
HXCPA2GXf_,7.0,6.0,7.0,5.0,,,Accept
_gn5djJHKzj,5.0,4.0,6.0,7.0,,,Accept
bx2roi8hca8,6.0,5.0,6.0,,,,Accept
U2s1GFDDihU,6.0,6.0,6.0,6.0,,,Accept
zSkYVeX7bC4,7.0,7.0,7.0,7.0,,,Accept
TItRK4VP9X2,6.0,7.0,7.0,5.0,,,Accept
j9JL96S8Vl,5.0,7.0,6.0,5.0,,,Accept
Fhty8PgFkDo,3.0,6.0,6.0,7.0,,,Accept
4G1Sfp_1sz7,5.0,6.0,6.0,,,,Accept
Uynr3iPhksa,6.0,6.0,6.0,,,,Accept
lArVAWWpY3,7.0,7.0,7.0,7.0,,,Accept
xz-2eyIh7u,7.0,6.0,6.0,7.0,,,Accept
gIGeujOKfyV,5.0,7.0,7.0,,,,Accept
xOK40an4ag1,7.0,8.0,7.0,6.0,,,Accept
06OVtS901hF,7.0,7.0,4.0,,,,Accept
zdmYnIRXvKS,2.0,6.0,6.0,,,,Accept
HLzjd09oRx,7.0,7.0,6.0,7.0,,,Accept
GeT7TSy1_hL,7.0,7.0,7.0,6.0,,,Accept
9XQa6cgLo21,6.0,3.0,7.0,,,,Accept
OFsja-NZGbY,7.0,6.0,7.0,6.0,4.0,,Accept
39XK7VJ0sKG,6.0,8.0,,,,,Accept
wwWCZ7sER_C,6.0,6.0,6.0,6.0,,,Accept
bot35zOudq,5.0,7.0,7.0,,,,Accept
b-WnRS7kSEN,6.0,3.0,6.0,,,,Accept
e8EkYPDHrsY,4.0,7.0,5.0,7.0,,,Accept
5HaIds3ux5O,6.0,8.0,7.0,9.0,,,Accept
monPF76G5Uv,7.0,6.0,6.0,7.0,,,Accept
dZEZu7zxJBF,6.0,7.0,7.0,6.0,,,Accept
dix1iktX7Qt,6.0,5.0,6.0,7.0,,,Accept
RczPtvlaXPH,8.0,6.0,7.0,,,,Accept
4B7azgAbzda,6.0,5.0,8.0,,,,Accept
G5ADoRKiTyJ,9.0,6.0,6.0,3.0,,,Accept
7nypt7cjNL,7.0,6.0,5.0,,,,Accept
bAE1y8wG-ng,7.0,8.0,7.0,,,,Accept
Vu-B0clPfq,7.0,7.0,6.0,6.0,,,Accept
ZBlaix34YX,6.0,6.0,6.0,,,,Accept
wTp4KgVIJ5,6.0,6.0,6.0,,,,Accept
L3uTDctm3s9,6.0,7.0,7.0,,,,Accept
5TfqL2gWdV9,6.0,5.0,5.0,,,,Accept
EZQnauHn-77,7.0,8.0,7.0,,,,Accept
sn6BZR4WvUR,8.0,4.0,6.0,6.0,,,Accept
hw-n6BUmiyI,7.0,6.0,8.0,7.0,,,Accept
UmvSlP-PyV,9.0,8.0,8.0,7.0,,,Accept
HjNn9oD_v47,7.0,4.0,7.0,4.0,,,Accept
dXiGWqBoxaD,7.0,5.0,5.0,6.0,,,Accept
d-kvI4YdNu,6.0,6.0,4.0,7.0,,,Accept
bdfJCeWDKUB,7.0,7.0,7.0,2.0,,,Accept
IbBHnPyjkco,6.0,7.0,5.0,,,,Accept
7SEi-ISNni7,7.0,7.0,6.0,5.0,,,Accept
L8pZq2eRWvX,6.0,6.0,6.0,,,,Accept
fDWNnSiHeka,5.0,6.0,5.0,,,,Accept
Vhd-jh9B8Hc,7.0,7.0,6.0,,,,Accept
Tfb73TeKnJ-,8.0,5.0,7.0,,,,Accept
6QvmtRjWNRy,5.0,5.0,6.0,,,,Accept
ZXoSAAlBnW8,7.0,4.0,6.0,3.0,,,Accept
uPdS_7pdA9p,6.0,7.0,7.0,,,,Accept
QLPzCpu756J,6.0,9.0,7.0,6.0,,,Accept
iBBcRUlOAPR,7.0,8.0,8.0,8.0,,,Accept
H88qfUs3U2W,6.0,5.0,5.0,7.0,5.0,,Accept
TThSwRTt4IB,6.0,6.0,6.0,5.0,,,Accept
yoBaCtx_a3,5.0,8.0,3.0,7.0,,,Accept
NENo__bExYu,5.0,5.0,5.0,7.0,,,Accept
7WvNQz9SWH2,5.0,6.0,6.0,7.0,,,Accept
IRSyuxfYNb,7.0,6.0,5.0,7.0,,,Accept
rJjJda5q0E,6.0,6.0,7.0,,,,Accept
-zBN5sBzdvr,6.0,6.0,3.0,7.0,,,Accept
AK6S9MZwM0,6.0,5.0,6.0,5.0,,,Accept
IU3nj1tqwyY,7.0,7.0,7.0,,,,Accept
5OWV-sZvMl,8.0,7.0,5.0,6.0,6.0,,Accept
LzbrVf-l0Xq,8.0,6.0,7.0,,,,Accept
j0J9upqN5va,6.0,7.0,5.0,6.0,,,Accept
YCniF6_3Jb,7.0,5.0,6.0,,,,Accept
AODVskSug8,6.0,6.0,6.0,5.0,,,Accept
57ZKV2YuwjL,5.0,4.0,7.0,6.0,,,Accept
mq-8p5pUnEX,7.0,6.0,5.0,5.0,,,Accept
owDcdLGgEm,6.0,5.0,6.0,,,,Accept
XmK56zbGeCp,7.0,6.0,4.0,6.0,,,Accept
yjWir-w3gki,5.0,5.0,7.0,6.0,,,Accept
4LZo68TuF-4,4.0,7.0,7.0,,,,Accept
w6tBOjPCrIO,7.0,6.0,7.0,7.0,,,Accept
rYkGxHPnCIf,6.0,7.0,7.0,5.0,,,Accept
FlWdTyUznCc,7.0,6.0,5.0,,,,Accept
XVfOai2ytN1,6.0,1.0,7.0,,,,Accept
49TS-pwQWBa,6.0,5.0,5.0,7.0,,,Accept
7yJMZwhIC2k,7.0,6.0,7.0,,,,Accept
fRWwcgfXXZ,8.0,6.0,6.0,,,,Accept
uytgM9N0vlR,6.0,7.0,8.0,3.0,4.0,,Accept
CMcptt6nFaQ,6.0,6.0,5.0,7.0,,,Accept
kCtnkLv-_W0,5.0,7.0,7.0,,,,Accept
U4BUMoVTrB2,4.0,7.0,8.0,,,,Accept
ITXgYOFi8b,5.0,6.0,3.0,7.0,,,Accept
IQIY2LASzYx,6.0,6.0,5.0,6.0,,,Accept
e2gRdexoTZf,8.0,8.0,8.0,8.0,,,Accept
AiNrnIrDfD9,6.0,6.0,4.0,7.0,,,Accept
FDmIo6o09H,5.0,6.0,7.0,7.0,,,Accept
wFwSFojKu6D,4.0,4.0,5.0,6.0,,,Accept
JJCnsgk4OIS,5.0,7.0,7.0,,,,Accept
7vDt4_ulNyB,3.0,6.0,6.0,6.0,,,Accept
Ry9iNlpUy1-,7.0,6.0,6.0,6.0,,,Accept
H3Gv7XEGzYV,4.0,5.0,8.0,4.0,,,Accept
WG3vmsteqR_,7.0,8.0,6.0,8.0,,,Accept
QSNoFvdIL41,5.0,5.0,7.0,6.0,,,Accept
7YwwfU3DqKI,6.0,6.0,8.0,,,,Accept
jF7u0APnGOv,6.0,7.0,6.0,,,,Accept
thgItcQrJ4y,7.0,3.0,8.0,,,,Accept
seYcx6CqPe,8.0,7.0,6.0,,,,Accept
xqYGGRt7kM,7.0,8.0,6.0,6.0,,,Accept
G4GpqX4bKAH,6.0,6.0,7.0,,,,Accept
r0bjBULkyz,7.0,6.0,9.0,6.0,,,Accept
KJemAi9fymT,5.0,6.0,5.0,7.0,,,Accept
ZaDlbaahOqG,5.0,4.0,8.0,,,,Accept
Jz-kcwIJqB,6.0,6.0,6.0,5.0,,,Accept
GaLgQ5_CZwB,4.0,4.0,8.0,7.0,,,Accept
VM7u8ecLrZV,5.0,5.0,6.0,,,,Accept
UavQ9HYye6n,6.0,6.0,7.0,3.0,,,Accept
OZKBReUF-wX,7.0,4.0,7.0,7.0,,,Accept
-jnE7sxuMm,7.0,6.0,5.0,4.0,,,Accept
K_LtkDGdonK,4.0,7.0,5.0,,,,Accept
OYqCR-f-dg,7.0,7.0,5.0,5.0,,,Accept
-5rFUTO2NWe,5.0,8.0,7.0,6.0,,,Accept
VeXBywV9FV,7.0,7.0,8.0,,,,Accept
K8JngctQ2Tu,5.0,7.0,4.0,,,,Accept
tIZtD2kZ6zx,7.0,2.0,6.0,6.0,,,Accept
0e0es11XAIM,7.0,8.0,7.0,8.0,,,Accept
lXuZaxEaI7,7.0,6.0,7.0,4.0,,,Accept
y--ZUTfbNB,8.0,7.0,8.0,,,,Accept
OGGQs4xFHrr,8.0,7.0,3.0,,,,Accept
0Oy3PiA-aDp,6.0,4.0,7.0,,,,Accept
XUvSYc6TqDF,7.0,5.0,8.0,7.0,,,Accept
v6NNlubbSQ,6.0,7.0,6.0,,,,Accept
2dgB38geVEU,8.0,4.0,5.0,6.0,,,Accept
1uSzacpyWLH,7.0,7.0,4.0,,,,Accept
O1me2tPd_tr,6.0,3.0,5.0,7.0,,,Accept
dwKwB2Cd-Km,6.0,3.0,5.0,6.0,,,Accept
lHy09zPewmD,6.0,6.0,7.0,,,,Accept
i9XrHJoyLqJ,6.0,6.0,7.0,,,,Accept
bt25vx3aW_,5.0,6.0,5.0,5.0,,,Accept
4tGggvizjd8,5.0,4.0,6.0,8.0,,,Accept
UFTcdcJrIl2,7.0,7.0,6.0,,,,Accept
_33ynl9VgCX,6.0,9.0,6.0,6.0,,,Accept
5btWTw1vcw1,8.0,7.0,7.0,7.0,,,Accept
yCJVkELVT9d,6.0,7.0,7.0,,,,Accept
cV03Zw0V-3J,6.0,6.0,6.0,,,,Accept
OTKJttKN5c,7.0,7.0,6.0,5.0,,,Accept
rG0jm74xtx,5.0,5.0,7.0,,,,Accept
7ilJhkpm1H,5.0,8.0,7.0,,,,Accept
yhlMZ3iR7Pu,5.0,6.0,5.0,5.0,,,Accept
KtDdr1zUE_1,5.0,5.0,6.0,6.0,,,Accept
s6ygs1UCOw1,6.0,6.0,6.0,5.0,6.0,,Accept
sPNtVVUq7wi,7.0,7.0,6.0,6.0,6.0,,Accept
s71h4wo9bFI,4.0,7.0,7.0,5.0,,,Accept
W7HvKO1erY,4.0,6.0,6.0,,,,Accept
Xo8_yHyw4S,5.0,5.0,6.0,6.0,,,Accept
9ZWgrozGP0,6.0,6.0,5.0,4.0,,,Accept
kY1RbKE7DWE,7.0,7.0,7.0,5.0,,,Accept
8gL4It6zjsh,6.0,6.0,6.0,8.0,,,Accept
7uIGl1AB_M_,6.0,7.0,5.0,,,,Accept
LTCBavFWp5C,7.0,6.0,8.0,,,,Accept
9-8YT5G36g-,5.0,6.0,7.0,4.0,5.0,,Accept
DotEQCtY67g,5.0,5.0,5.0,7.0,,,Accept
cYPja_wj9d,6.0,7.0,7.0,8.0,,,Accept
FvdOlVWL-w,6.0,6.0,6.0,,,,Accept
OZEmgSbRQW,5.0,5.0,7.0,,,,Accept
ccXKXStATD,7.0,5.0,6.0,7.0,,,Accept
gERv_uy69IA,7.0,6.0,7.0,7.0,,,Accept
qmy23tNBvbh,4.0,8.0,5.0,7.0,,,Accept
Ikl-prGbDFU,7.0,5.0,5.0,7.0,,,Accept
q5h7Ywx-sS,5.0,6.0,5.0,7.0,,,Accept
5Cpune8BTWj,7.0,6.0,6.0,,,,Accept
wu1Za9dY1GY,6.0,6.0,5.0,,,,Accept
Fd05J4Bu5Sp,5.0,5.0,6.0,6.0,,,Accept
ejkwDKPowQl,7.0,6.0,5.0,6.0,,,Accept
GRd5UCkkXcV,7.0,7.0,7.0,5.0,,,Accept
KTOcrOR5mQ9,7.0,6.0,4.0,5.0,,,Accept
00jwOr7UA4P,6.0,7.0,7.0,7.0,,,Accept
ccyZEIAiFwb,6.0,3.0,6.0,,,,Accept
xqyEG7EhTZ,5.0,5.0,6.0,6.0,,,Accept
crRhj1Y2wv,6.0,6.0,6.0,7.0,,,Accept
uOJZ_zU9qZm,7.0,3.0,2.0,,,,Accept
lSqaDG4dvdt,5.0,6.0,6.0,6.0,,,Accept
rO6UExXrFzz,7.0,7.0,6.0,,,,Accept
VHmdFPy4U_u,7.0,7.0,7.0,,,,Accept
X0CKM7QV5k,4.0,6.0,8.0,6.0,,,Accept
JavFPcsscd5,7.0,4.0,4.0,7.0,,,Accept
DRjUkfExCix,5.0,3.0,5.0,6.0,,,Accept
VB_mBqL4VW-,6.0,7.0,6.0,6.0,,,Accept
Y11PmIjgyO,6.0,6.0,7.0,7.0,,,Accept
I47eFCKa1f3,6.0,6.0,6.0,,,,Accept
J7zY9j75GoG,6.0,6.0,6.0,7.0,5.0,,Accept
Vbj5H7-lKfs,6.0,5.0,5.0,3.0,,,Accept
cZN9_dF40i,6.0,7.0,4.0,7.0,,,Accept
Y1sWzKW0k4L,5.0,6.0,5.0,6.0,,,Accept
tz1PRT6lfLe,8.0,7.0,4.0,,,,Accept
Jk8RVjnHlsE,5.0,6.0,6.0,,,,Accept
LpgG0C6Y75,6.0,7.0,5.0,,,,Accept
UxDO_gOhxhO,5.0,6.0,7.0,3.0,,,Accept
AiY6XvomZV4,6.0,6.0,8.0,4.0,,,Accept
0Fe7bAWmJr,6.0,8.0,7.0,7.0,,,Accept
a4zg0jiuVi,4.0,6.0,8.0,5.0,,,Accept
bA8CYH5uEn_,6.0,5.0,5.0,5.0,,,Accept
LP0malvd4x,7.0,8.0,6.0,,,,Accept
g-OkeNXPy-X,7.0,7.0,6.0,,,,Accept
c9I_NArDIjD,6.0,5.0,6.0,,,,Accept
eYfIM88MTUE,3.0,5.0,7.0,8.0,,,Accept
AlpR6dzKjfy,7.0,7.0,3.0,7.0,,,Accept
7lf58jWnDIS,7.0,5.0,5.0,6.0,,,Accept
EXMjvwoqJBA,5.0,8.0,5.0,4.0,,,Accept
q41xK9Bunq1,6.0,7.0,6.0,,,,Accept
Rgz_prESe-b,6.0,7.0,7.0,3.0,,,Accept
wQVjGP5NbP9,7.0,7.0,7.0,6.0,,,Accept
BRZos-8TpCf,6.0,4.0,7.0,6.0,,,Accept
HFkxZ_V0sBQ,5.0,6.0,6.0,7.0,,,Accept
_56PoS9IRM-,6.0,7.0,6.0,7.0,,,Accept
UdgtTVTdswg,7.0,8.0,7.0,7.0,,,Accept
UnygcA2BVzW,7.0,8.0,7.0,6.0,,,Accept
BCBac5kkg5G,5.0,5.0,7.0,5.0,,,Accept
57Ryl7lLD4h,6.0,7.0,5.0,7.0,,,Accept
KzC7Pejhp3z,6.0,7.0,6.0,,,,Accept
jglXPY6gH-1,5.0,3.0,7.0,6.0,,,Accept
xbgtFOO9J5D,4.0,5.0,6.0,6.0,,,Accept
7JqqnRrZfz6,8.0,9.0,8.0,8.0,,,Accept
fdyxLGHE6bU,4.0,3.0,5.0,,,,Accept
GNHyNOR8Sn,8.0,6.0,,,,,Accept
TIXwBZB3Jl6,8.0,7.0,6.0,8.0,,,Accept
NnuYZ1el24C,8.0,7.0,6.0,,,,Accept
vjKIKdXijK,5.0,5.0,8.0,,,,Accept
lYHUY4H7fs,4.0,7.0,6.0,7.0,,,Accept
tJBYkwVDv5,7.0,7.0,6.0,,,,Accept
wGF5mreJVN,6.0,5.0,5.0,,,,Accept
aqALH2UAwQH,7.0,7.0,6.0,7.0,,,Accept
-IHPcl1ZhF5,6.0,6.0,6.0,5.0,,,Accept
k98U0cb0Ig,6.0,6.0,5.0,,,,Accept
i3ewAfTbCxJ,6.0,7.0,7.0,,,,Accept
1beC9_dmOQ0,6.0,6.0,6.0,7.0,,,Accept
Ryy7tVvBUk,7.0,7.0,4.0,7.0,,,Accept
sWNT5lT7l9G,6.0,7.0,6.0,,,,Accept
h3jZCLjhtmV,8.0,6.0,5.0,8.0,,,Accept
fJt2KFnRqZ,6.0,7.0,6.0,6.0,,,Accept
wXNPMS11aUb,6.0,4.0,7.0,,,,Accept
SUzPos_pUC,7.0,7.0,6.0,6.0,8.0,,Accept
SWbdhfz3lBy,6.0,7.0,7.0,,,,Accept
dqgzfhHd2-,6.0,6.0,5.0,4.0,,,Accept
KSKyVYcgp1u,6.0,5.0,6.0,5.0,,,Accept
pp7onaiM4VB,7.0,8.0,7.0,7.0,,,Accept
9PNsCQpg-Ak,6.0,7.0,6.0,,,,Accept
ArZWGF0Ifl7,6.0,7.0,7.0,6.0,,,Accept
GNt5ntEGjD3,8.0,6.0,6.0,3.0,,,Accept
yZgxl3bgumu,5.0,6.0,7.0,,,,Accept
5xiLuNutzJG,7.0,4.0,8.0,7.0,,,Accept
fUeOyt-2EOp,8.0,6.0,8.0,,,,Accept
klElp42K9U0,7.0,8.0,6.0,7.0,7.0,,Accept
DVfZKXSFW5m,8.0,6.0,7.0,,,,Accept
dLL4KXzKUpS,6.0,6.0,6.0,6.0,,,Accept
vRrFVHxFiXJ,7.0,5.0,8.0,,,,Accept
ttQ_3CiZqd3,6.0,8.0,8.0,8.0,,,Accept
MVDzIreiRqW,6.0,5.0,8.0,6.0,,,Accept
DwHIcEyias,7.0,7.0,7.0,6.0,,,Accept
tglniD_fn9,6.0,6.0,7.0,,,,Accept
jQgsZDspz5h,5.0,6.0,6.0,6.0,,,Accept
zGPeowwxWb,6.0,5.0,7.0,,,,Accept
lKFOwaYNQlb,5.0,8.0,7.0,,,,Accept
NqbktPUkZf7,5.0,7.0,7.0,,,,Accept
tVHh_vD84EK,6.0,8.0,5.0,,,,Accept
wA7vZS-mSxv,8.0,6.0,6.0,5.0,,,Accept
QvlcRh8hd8X,6.0,6.0,7.0,,,,Accept
lfe1CdzuXBJ,7.0,7.0,5.0,6.0,,,Accept
K8cD1Uv3wZy,7.0,6.0,4.0,,,,Accept
AYkBQEm5AY,6.0,7.0,5.0,7.0,,,Accept
NI6hB70ajO7,4.0,7.0,7.0,7.0,7.0,,Accept
wmwgLEPjL9,6.0,6.0,5.0,,,,Accept
eyE9Fb2AvOT,7.0,6.0,7.0,,,,Accept
0xdH-09oGD7,4.0,7.0,6.0,3.0,,,Accept
pHd0v8W30O,6.0,6.0,6.0,4.0,,,Accept
0tpZgkAKVjB,5.0,6.0,8.0,7.0,,,Accept
wgRQ1IM4g_w,6.0,6.0,6.0,5.0,,,Accept
SiQAZV0yEny,7.0,6.0,7.0,7.0,,,Accept
qmm__jMjMlL,6.0,4.0,6.0,,,,Accept
EqZuN4V_FLF,7.0,7.0,7.0,,,,Accept
ZE4lUw2iGcZ,7.0,6.0,6.0,7.0,,,Accept
wUUutywJY6,8.0,8.0,2.0,,,,Accept
n7Rk_RDh90,6.0,8.0,6.0,6.0,,,Accept
Tz1lknIPVfp,3.0,7.0,8.0,7.0,,,Accept
uLYc4L3C81A,8.0,7.0,8.0,7.0,,,Accept
G7MX_0J6JKX,6.0,6.0,8.0,5.0,,,Accept
tjFaqsSK2I3,8.0,5.0,5.0,5.0,,,Accept
-NOQJw5z_KY,6.0,4.0,8.0,5.0,,,Accept
6wLXvkHstNR,6.0,5.0,4.0,,,,Accept
X4WAq7JQHbA,6.0,7.0,4.0,7.0,,,Accept
PikKk2lF6P,5.0,8.0,7.0,,,,Accept
-_I3i2orAV,7.0,5.0,5.0,,,,Accept
h73nTbImOt9,7.0,5.0,7.0,6.0,,,Accept
s_mEE4xOU-m,6.0,6.0,5.0,6.0,5.0,,Accept
aoWo6iAxGx,5.0,6.0,6.0,,,,Accept
dqO59nI_R9A,5.0,5.0,7.0,,,,Accept
lblv6NGI7un,6.0,6.0,5.0,,,,Accept
v7SFDrS44Cf,6.0,6.0,7.0,,,,Accept
RF74aWLrvBp,8.0,7.0,5.0,,,,Accept
KSioDlJiUaz,4.0,6.0,5.0,7.0,,,Accept
bVVIZjQ2AA,6.0,7.0,5.0,,,,Accept
zvNMzjOizmn,5.0,6.0,7.0,,,,Accept
kI_kL5vq6Oa,6.0,9.0,6.0,,,,Accept
edffTbw0Sws,8.0,7.0,5.0,6.0,,,Accept
88ubVLwWvGD,8.0,6.0,7.0,6.0,,,Accept
7XCFxnG8nGS,7.0,6.0,7.0,6.0,,,Accept
slKVqAflN5,7.0,7.0,9.0,7.0,,,Accept
Bwh6XmDEDe,5.0,5.0,7.0,8.0,,,Accept
Y-sdZLIi9R9,6.0,6.0,6.0,6.0,,,Accept
AyGJDpN2eR6,7.0,6.0,4.0,,,,Accept
_jg6Sf6tuF7,7.0,6.0,7.0,,,,Accept
wFymjzZEEkH,4.0,5.0,6.0,6.0,5.0,,Accept
GdHVClGh9N,5.0,6.0,6.0,,,,Accept
ZLcwSgV-WKH,6.0,5.0,6.0,5.0,,,Accept
NIJFp_n4MXt,8.0,7.0,6.0,6.0,,,Accept
h37KyWDDC6B,7.0,6.0,6.0,,,,Accept
APXedc0hgdT,6.0,6.0,6.0,,,,Accept
81LQV4k7a7X,7.0,6.0,5.0,,,,Accept
MloVsjTjlUY,7.0,4.0,7.0,7.0,6.0,,Accept
edkno3SvKo,7.0,7.0,6.0,,,,Accept
D21DRzkZbSB,5.0,8.0,8.0,8.0,,,Accept
8cUGfg-zUnh,6.0,6.0,5.0,8.0,,,Accept
JokpPqA294,4.0,8.0,7.0,4.0,,,Accept
ekQ_xrVWwQp,4.0,7.0,7.0,7.0,,,Accept
VOyYhoN_yg,6.0,7.0,7.0,7.0,,,Accept
yRhbHp_Vh8e,7.0,5.0,6.0,7.0,,,Accept
1tCuRbPts3J,5.0,6.0,7.0,,,,Accept
qk1qpCN-k6,5.0,6.0,5.0,,,,Accept
mWaYC6CZf5,3.0,7.0,7.0,,,,Accept
qcRgqCXv1o2,5.0,7.0,6.0,,,,Accept
UHoGOaGjEq,7.0,8.0,8.0,,,,Accept
MeYI0QcOIRg,5.0,7.0,6.0,5.0,,,Accept
9DYKrsFSU2,6.0,6.0,6.0,6.0,,,Accept
BCnZSP-Ryyp,5.0,6.0,9.0,,,,Accept
nOdfIbo3A-F,6.0,8.0,4.0,5.0,,,Accept
jvFTMD5QTq,6.0,7.0,6.0,,,,Accept
d9usspxbWmk,7.0,5.0,7.0,,,,Accept
dbigt69sBqe,7.0,7.0,7.0,7.0,7.0,,Accept
nLGRGuzjtoR,8.0,5.0,8.0,5.0,,,Accept
V5rlSPsHpkf,8.0,6.0,8.0,,,,Accept
xbhsFMxORxV,6.0,7.0,8.0,7.0,,,Accept
B3hDVlw95r,8.0,5.0,6.0,6.0,,,Accept
xpR25Tsem9C,6.0,6.0,6.0,5.0,7.0,,Accept
73h4EZYtSht,5.0,7.0,8.0,6.0,,,Accept
QDPonrGtl1,5.0,5.0,8.0,6.0,,,Accept
bI1XXtO-hs2,5.0,7.0,5.0,6.0,,,Accept
5Ap96waLr8A,7.0,6.0,7.0,8.0,,,Accept
Adl-fs-8OzL,7.0,7.0,7.0,,,,Accept
zyrBT58h_J,7.0,6.0,7.0,,,,Accept
M4OllVd70mJ,6.0,6.0,8.0,,,,Accept
nrOLtfeiIdh,6.0,5.0,4.0,7.0,,,Accept
p0LJa6_XHM_,8.0,5.0,7.0,5.0,,,Accept
oDoj_LKI3JZ,6.0,6.0,6.0,7.0,,,Accept
CQaqJDWUGJ,4.0,4.0,5.0,6.0,,,Accept
5oEk8fvJxny,7.0,5.0,4.0,6.0,,,Accept
tfkeJG9yAX,6.0,8.0,4.0,6.0,,,Accept
jm_opnaGmm5,5.0,5.0,5.0,7.0,,,Accept
DpKaP-PY8bK,6.0,4.0,4.0,6.0,,,Accept
-cBZMMTImxT,5.0,6.0,8.0,,,,Accept
dD3pwu4g8Fh,6.0,7.0,7.0,6.0,,,Accept
lbQTJN42uea,7.0,7.0,7.0,7.0,,,Accept
jxezD-1XYr,7.0,7.0,7.0,5.0,,,Accept
aV9WSvM6N3,8.0,7.0,3.0,,,,Accept
x5ysKCMXR5s,5.0,5.0,5.0,7.0,,,Accept
aVnAsHaawE3,5.0,6.0,7.0,7.0,,,Accept
jOYdlD4oYrn,7.0,7.0,7.0,7.0,,,Accept
Jd2RfKd4Mjz,8.0,5.0,8.0,,,,Accept
pNHT6oBaPr8,5.0,6.0,6.0,,,,Accept
ob8tk9Q_2tN,7.0,5.0,7.0,7.0,,,Accept
ftKnhsDquqr,5.0,7.0,5.0,5.0,,,Accept
7pNV4PCjbQy,4.0,4.0,5.0,8.0,8.0,,Accept
wmsw0bihpZF,4.0,7.0,5.0,,,,Accept
7EP90NMAoK,6.0,6.0,7.0,6.0,,,Accept
d6mf9AFoR-O,7.0,5.0,8.0,6.0,,,Accept
4_oCZgBIVI,7.0,7.0,8.0,,,,Accept
eMW9AkXaREI,4.0,5.0,5.0,4.0,,,Accept
5j6fWcPccO,6.0,6.0,6.0,,,,Accept
0fKlU1OlANc,5.0,3.0,5.0,8.0,,,Accept
5haAJAcofjc,6.0,7.0,6.0,,,,Accept
_D4cE66L9x3,7.0,5.0,6.0,7.0,,,Accept
zYc5FSxL6ar,7.0,7.0,6.0,,,,Accept
q-LMlivZrV,5.0,5.0,4.0,,,,Accept
5XtsqM57-Zb,6.0,6.0,7.0,7.0,,,Accept
l2CVt1ySC2Q,7.0,6.0,6.0,,,,Accept
q-snd9xOG3b,7.0,6.0,7.0,,,,Accept
yhZLEvmyHYQ,6.0,5.0,7.0,,,,Accept
ckQvYXizgd1,6.0,6.0,8.0,,,,Accept
dAZdQM32IoK,7.0,6.0,6.0,6.0,,,Accept
AVh_HTC76u,7.0,6.0,6.0,7.0,,,Accept
ocViyp73pFO,6.0,6.0,6.0,5.0,,,Accept
zt4xNo0lF8W,5.0,3.0,4.0,6.0,,,Accept
G8BExMno316,7.0,5.0,6.0,4.0,,,Accept
q4IG88RJiMv,6.0,7.0,6.0,4.0,,,Accept
47lpv23LDPr,6.0,7.0,6.0,6.0,,,Accept
LffWuGtC9BE,6.0,5.0,6.0,,,,Accept
qHGCH75usg,6.0,7.0,7.0,7.0,,,Accept
cmKZD3wdJBT,6.0,6.0,7.0,6.0,,,Accept
z9CkpUorPI,6.0,5.0,7.0,6.0,,,Accept
Cd-b50MZ0Gc,7.0,4.0,7.0,,,,Accept
-_AMpmyV0Ll,7.0,7.0,9.0,7.0,,,Accept
NzFtM5Pzvm,6.0,6.0,6.0,,,,Accept
Cr4_3ptitj,5.0,5.0,6.0,5.0,,,Accept
ZPyKSBaKkiO,6.0,7.0,5.0,,,,Accept
aQySSrCbBul,6.0,6.0,5.0,6.0,,,Accept
Ku1afTnmozi,4.0,7.0,6.0,5.0,6.0,,Accept
LODRFJr96v,7.0,6.0,6.0,5.0,,,Accept
6OLBVpoxrbW,6.0,8.0,7.0,,,,Accept
CflSnSkH--,7.0,6.0,7.0,7.0,,,Accept
6PpLxPPTPd,6.0,6.0,7.0,7.0,,,Accept
OkLee4SfLKh,6.0,7.0,6.0,3.0,,,Accept
3wg-rYuo5AN,6.0,6.0,6.0,3.0,,,Accept
FncDhRcRYiN,7.0,9.0,6.0,7.0,,,Accept
e62ZssObZp,6.0,7.0,5.0,,,,Accept
ZK6lzx0jqdZ,4.0,5.0,7.0,3.0,,,Accept
rlN6fO3OrP,7.0,5.0,7.0,5.0,,,Accept
B7Q2mbIFa6Q,5.0,7.0,6.0,8.0,,,Accept
YgmiL2Ur01P,4.0,7.0,6.0,7.0,,,Accept
L7AV_pDUVCK,4.0,8.0,3.0,,,,Accept
XNjCGDr8N-W,6.0,7.0,4.0,5.0,,,Accept
nOw2HiKmvk1,6.0,6.0,6.0,6.0,,,Accept
eow_ZGaw24j,6.0,6.0,4.0,4.0,,,Accept
_cXUMAnWJJj,7.0,7.0,5.0,7.0,,,Accept
-3cHWtrbLYq,5.0,5.0,6.0,,,,Accept
pD5Pl5hen_g,7.0,7.0,7.0,7.0,,,Accept
-8tU21J6BcB,6.0,7.0,6.0,,,,Accept
BWa5IUE3L4,7.0,7.0,5.0,,,,Accept
cIpU8OzGSCU,7.0,4.0,6.0,,,,Accept
COAcbu3_k4U,6.0,6.0,7.0,,,,Accept
4iEoOIQ7nL,5.0,5.0,8.0,,,,Accept
pF8btdPVTL_,7.0,5.0,7.0,7.0,,,Accept
4R5x8no2Ts-,6.0,3.0,6.0,8.0,,,Accept
QXiYW3TrgXj,7.0,6.0,6.0,7.0,,,Accept
am86qcwErJm,5.0,7.0,8.0,6.0,,,Accept
HaZuqj0Gvp2,7.0,6.0,5.0,7.0,,,Accept
1wz-ksUupt2,7.0,7.0,7.0,,,,Accept
tvDRmAxGIjw,7.0,5.0,6.0,7.0,,,Accept
8B66-1c5AW,6.0,7.0,7.0,6.0,,,Accept
-Lm0B9UYMy6,8.0,6.0,8.0,4.0,,,Accept
nxl-IjnDCRo,7.0,6.0,7.0,3.0,,,Accept
icGMu0iPonB,3.0,6.0,5.0,6.0,,,Accept
ksVGCOlOEba,6.0,7.0,6.0,,,,Accept
F-L7BxiE_V,7.0,5.0,6.0,6.0,,,Accept
XtxG6dBOpAQ,7.0,4.0,7.0,,,,Accept
PpP9TiUZLoF,8.0,5.0,6.0,6.0,7.0,,Accept
RTan64GlCLV,7.0,5.0,5.0,6.0,,,Accept
61UwgeIotn,6.0,7.0,7.0,6.0,,,Accept
0zHXmOXwkIf,6.0,7.0,7.0,7.0,,,Accept
FHgpw2Cn__,6.0,6.0,6.0,7.0,,,Accept
UmaiVbwN1v,4.0,5.0,5.0,6.0,,,Accept
Wtg9TUL0d81,6.0,6.0,8.0,5.0,,,Accept
0dt8wdYIAV,6.0,6.0,6.0,,,,Accept
TPOJzwv2pc,7.0,7.0,7.0,7.0,,,Accept
a7-YO5NJGyp,6.0,6.0,7.0,6.0,,,Accept
xpdaDM_B4D,8.0,3.0,5.0,5.0,,,Accept
--fdtqo-iKM,6.0,7.0,5.0,5.0,,,Accept
FCNMbF_TsKm,6.0,6.0,6.0,7.0,,,Accept
p9lC_i9WeFE,7.0,7.0,5.0,,,,Accept
uyEYNg2HHFQ,4.0,7.0,6.0,,,,Accept
HOG-G4arLnU,6.0,8.0,5.0,,,,Accept
RJemsN3V_kt,7.0,8.0,7.0,7.0,,,Accept
w0QoqmUT9vJ,7.0,7.0,7.0,7.0,,,Accept
_P4JCoz83Mb,5.0,6.0,5.0,,,,Accept
MwSXgQSxL5s,7.0,8.0,7.0,5.0,,,Accept
TkJIkNrzpNJ,6.0,6.0,5.0,6.0,,,Accept
XBXEfw6OxRh,7.0,5.0,5.0,,,,Accept
yZcPRIZEwOG,7.0,7.0,6.0,,,,Accept
4d_tnQ_agHI,6.0,6.0,5.0,,,,Accept
m2JJO3iEe_5,5.0,7.0,6.0,7.0,,,Accept
rP9xfRSF4F,7.0,6.0,5.0,5.0,,,Accept
KieCChVB6mN,8.0,7.0,9.0,7.0,,,Accept
uCBx_6Hc7cu,3.0,5.0,5.0,5.0,,,Accept
36-xl1wdyu,6.0,6.0,5.0,,,,Accept
v1bxRZJ9c8V,6.0,7.0,9.0,4.0,,,Accept
xI5660uFUr,6.0,5.0,5.0,4.0,,,Accept
fRbvozXEGTb,8.0,5.0,5.0,7.0,,,Accept
7TleYo6Tmlo,6.0,5.0,7.0,,,,Accept
IpBjWtJp40j,6.0,6.0,6.0,3.0,,,Accept
1PRnYiuJkQx,,,,,,,Unknown
uzn0WLCfuC_,8.0,6.0,6.0,6.0,,,Accept
lUyAaz-iA4u,4.0,6.0,8.0,6.0,,,Accept
DylWBluOgqN,5.0,7.0,6.0,,,,Accept
_FMJmDEPLzs,8.0,5.0,7.0,,,,Accept
YG4Dg7xtETg,7.0,4.0,6.0,8.0,5.0,,Accept
kK200QKfvjB,5.0,5.0,7.0,,,,Accept
rAVqc7KSGDa,5.0,5.0,7.0,,,,Accept
Ixp6pznZgv7,6.0,3.0,5.0,4.0,5.0,,Accept
gvwDosudtyA,6.0,7.0,5.0,,,,Accept
UMdY6-r7yRu,5.0,4.0,7.0,,,,Accept
U07d1Y-x2E,6.0,5.0,6.0,,,,Accept
JVtoIJrSxuO,4.0,3.0,7.0,,,,Accept
aaar9y7qjfw,7.0,6.0,7.0,,,,Accept
k3MX8EK6Zf,6.0,6.0,5.0,6.0,,,Accept
gsdHDI-p6NI,7.0,5.0,7.0,,,,Accept
zFW48MVzCKC,5.0,6.0,6.0,6.0,,,Accept
GJGU6FgB7mg,4.0,7.0,6.0,,,,Accept
MhpB7Rxyyr,6.0,5.0,6.0,,,,Accept
13S0tUMqynI,7.0,7.0,8.0,4.0,,,Accept
ch5Uth1IGj_,7.0,5.0,7.0,,,,Accept
KTf5SGYZQvt,7.0,7.0,6.0,5.0,,,Accept
QZDmftWNAMJ,5.0,5.0,7.0,7.0,,,Accept
KAIyxWrP9-,7.0,7.0,6.0,7.0,,,Accept
B26CPuYw9VA,5.0,9.0,6.0,,,,Accept
zLVLB-OncUY,5.0,6.0,6.0,5.0,,,Accept
zK6PjBczve,7.0,4.0,7.0,6.0,,,Accept
BejkSpqao_N,6.0,6.0,7.0,7.0,,,Accept
4Q9CmC3ypdE,6.0,5.0,6.0,6.0,,,Accept
uFSrUpapQ5K,6.0,6.0,6.0,5.0,,,Accept
g9fSNChD0S,7.0,6.0,4.0,6.0,,,Accept
4cdxptfCCg,7.0,8.0,4.0,6.0,,,Accept
Qvh0SAPrYzH,7.0,7.0,5.0,,,,Accept
ePhEbo039l,6.0,7.0,6.0,6.0,,,Accept
NM3AbzX-dq,6.0,5.0,8.0,,,,Accept
CCahlgHoQG,6.0,6.0,5.0,4.0,,,Accept
S4KGBKBhCPo,6.0,6.0,7.0,,,,Accept
Nf_XI3uVGaZ,9.0,5.0,7.0,6.0,,,Accept
3SLW-YIw7tX,6.0,7.0,5.0,,,,Accept
xUK4E1jpV7z,7.0,6.0,5.0,7.0,,,Accept
odOQU9PYrkD,7.0,6.0,7.0,,,,Accept
u5oLvX8x4wH,6.0,7.0,7.0,7.0,5.0,,Accept
aUoCgjJfmY9,6.0,7.0,6.0,,,,Accept
ufRSbXtgbOo,7.0,4.0,6.0,4.0,,,Accept
yP0vpghGoLF,6.0,6.0,5.0,,,,Accept
fkiFqG-muu,5.0,6.0,7.0,5.0,,,Accept
0RMDK39mGg,7.0,5.0,8.0,6.0,,,Accept
px87A_nzK-T,6.0,7.0,5.0,,,,Accept
uOii2cEN2w_,7.0,5.0,6.0,4.0,,,Accept
2_AZxVpFlGP,7.0,9.0,6.0,,,,Accept
h3RYh6IBBS,7.0,5.0,8.0,,,,Accept
4XP0ZuQKXmV,8.0,7.0,3.0,,,,Accept
ibxa2Y0y8yr,7.0,7.0,5.0,6.0,,,Accept
ogNrYe9CJlH,5.0,4.0,6.0,5.0,6.0,,Accept
jjJgLNrCQB,,,,,,,Unknown
Pu-QtT0h2E,6.0,4.0,6.0,,,,Accept
BTeJpF_BhQ6,5.0,7.0,5.0,,,,Accept
CwkX0j8YFm,3.0,6.0,6.0,4.0,,,Accept
0pdLvHwh-L,7.0,6.0,5.0,,,,Accept
F5TbbyTgbC,6.0,6.0,8.0,7.0,,,Accept
TC42kAO8XLS,8.0,6.0,6.0,6.0,,,Accept
6y0lgLb9tny,6.0,3.0,7.0,7.0,,,Accept
AyajSjTAzmg,5.0,6.0,5.0,5.0,,,Accept
WaGvb7OzySA,4.0,7.0,7.0,7.0,,,Accept
0RTJcuvHtIu,4.0,7.0,4.0,,,,Accept
EeCdsAj80Wr,6.0,7.0,7.0,6.0,,,Accept
XlIUm7Obm6,7.0,7.0,7.0,,,,Accept
9_O9mTLYJQp,6.0,6.0,6.0,,,,Accept
LceHl9wKmoQ,7.0,6.0,8.0,5.0,,,Accept
9v1_6m0ZKC,6.0,5.0,6.0,7.0,,,Accept
WOppMAJtvhv,4.0,5.0,4.0,8.0,,,Accept
2OpRgzLhoPQ,6.0,8.0,4.0,7.0,,,Accept
0qaIM4W9Q1s,8.0,6.0,7.0,4.0,,,Accept
a7YeDeacHpL,6.0,8.0,6.0,5.0,,,Accept
XCIKp-icFm,7.0,6.0,5.0,6.0,,,Accept
V5hy17mwu3R,8.0,8.0,7.0,,,,Accept
MT1GId7fJiP,7.0,5.0,6.0,6.0,,,Accept
f966GJIEF9,6.0,6.0,6.0,8.0,,,Accept
utahaTbcHdP,7.0,8.0,6.0,7.0,6.0,,Accept
5swt6zUFrVp,6.0,5.0,5.0,4.0,,,Accept
XevwsaZ-4z,5.0,5.0,7.0,6.0,,,Accept
LRMmgkcoCnW,6.0,6.0,7.0,7.0,,,Accept
rHnbVaqzXne,5.0,7.0,6.0,,,,Accept
rcMG-hzYtR,4.0,5.0,7.0,5.0,,,Accept
v9pljSdlUNP,7.0,8.0,6.0,5.0,,,Accept
hFa75frAh0,7.0,4.0,8.0,5.0,7.0,,Accept
EWyhkNNKsd,5.0,7.0,4.0,6.0,,,Accept
kGQz0lt6Zu6,7.0,7.0,6.0,5.0,,,Accept
JyXuBiBTR6m,6.0,6.0,6.0,4.0,,,Accept
lQ--doSB2o,4.0,6.0,8.0,7.0,,,Accept
fcO9Cgn-X-R,5.0,6.0,6.0,7.0,7.0,,Accept
tPiE70y40cv,7.0,6.0,7.0,7.0,,,Accept
4T3kbrzfeR,5.0,8.0,5.0,6.0,,,Accept
r6_zHM2POTd,5.0,4.0,6.0,7.0,,,Accept
MaYzugDmQV,6.0,6.0,4.0,7.0,,,Accept
N2AGw9s-wvX,4.0,5.0,7.0,,,,Accept
VgST3vrBAo8,7.0,6.0,7.0,,,,Accept
fORXbIlTELP,5.0,6.0,6.0,5.0,,,Accept
tQRoZ9nRgM,7.0,6.0,6.0,5.0,,,Accept
lC5-Ty_0FiN,7.0,6.0,5.0,,,,Accept
Xm0976LQTn_,6.0,5.0,7.0,,,,Accept
XrGEkCOREX2,7.0,7.0,5.0,6.0,,,Accept
nN3aVRQsxGd,5.0,6.0,3.0,4.0,,,Accept
mxnxRw8jiru,6.0,7.0,7.0,,,,Accept
VAeAUWHNrty,6.0,8.0,6.0,5.0,,,Accept
YYyAVk8TrOQ,6.0,5.0,5.0,7.0,6.0,,Accept
OXourTLd9UO,7.0,7.0,7.0,5.0,,,Accept
L9EXtg7h6XE,6.0,6.0,7.0,,,,Accept
A3DCaxhxBfl,7.0,7.0,7.0,,,,Accept
6pC5OtP7eBx,7.0,6.0,7.0,,,,Accept
4tM0P_4N8D9,5.0,6.0,8.0,8.0,,,Accept
6OhjECfqt2,6.0,5.0,5.0,5.0,,,Accept
Ik8iimy4oFF,6.0,5.0,6.0,7.0,,,Accept
ZgWT_u19Ue5,4.0,7.0,6.0,,,,Accept
2jTCojmmh82,5.0,6.0,6.0,,,,Accept
_RL7wtHkPJK,8.0,5.0,6.0,,,,Accept
nJJjv0JDJju,8.0,7.0,6.0,6.0,6.0,,Accept
sZAbXH4ezvg,6.0,7.0,6.0,7.0,,,Accept
5JQqvQ1ujSv,7.0,7.0,7.0,7.0,,,Accept
AKp6ZKrs_1,7.0,5.0,5.0,6.0,,,Accept
Jz98aDK5gMW,5.0,5.0,5.0,5.0,,,Accept
tlUnxtAmcJq,7.0,6.0,7.0,,,,Accept
_kZVnosHbV3,6.0,5.0,7.0,7.0,,,Accept
htR7ZXXe_TY,6.0,5.0,5.0,6.0,,,Accept
_S9amb2-M-I,6.0,6.0,4.0,6.0,,,Accept
ripJhpwlA2v,7.0,6.0,5.0,,,,Accept
TQn44YPuOR2,6.0,6.0,7.0,6.0,,,Accept
wUctlvhsNWg,4.0,5.0,6.0,4.0,,,Accept
CZZFRxbOLC,4.0,5.0,5.0,,,,Accept
e65KZ0ixi0,6.0,6.0,6.0,,,,Accept
ipAz7H8pPnI,7.0,8.0,4.0,7.0,,,Accept
pHdiaqgh_nf,6.0,6.0,6.0,6.0,,,Accept
dC_Cho7PzT,6.0,9.0,5.0,,,,Accept
gKe_A-DxzkH,6.0,7.0,6.0,5.0,5.0,,Accept
B2rqx0w63U,6.0,6.0,7.0,7.0,,,Accept
4FSfANJp8Qx,4.0,6.0,7.0,5.0,,,Accept
XSV1T9jMuz9,6.0,6.0,6.0,,,,Accept
flNZJ2eOet,6.0,8.0,8.0,7.0,,,Accept
-Oh_TKISy89,5.0,6.0,7.0,4.0,,,Accept
q85GV4aSpt,6.0,5.0,5.0,8.0,,,Accept
5dHQyEcYDgA,6.0,7.0,8.0,,,,Accept
PLmNPSKJr8e,7.0,8.0,5.0,5.0,,,Accept
PDNEqcU-pP,7.0,7.0,4.0,4.0,,,Accept
Qry8exovcNA,7.0,7.0,5.0,,,,Accept
SrwrRP3yfq8,7.0,7.0,5.0,5.0,,,Accept
zofwPmKL-DO,6.0,5.0,3.0,,,,Accept
rF6zwkyMABn,8.0,7.0,7.0,7.0,,,Accept
UpNCpGvD96A,6.0,6.0,5.0,7.0,,,Accept
akddwRG6EGi,8.0,7.0,7.0,,,,Accept
vfCd1Vt8BGq,5.0,7.0,8.0,6.0,,,Accept
H4GmqyYMxFP,7.0,7.0,8.0,5.0,,,Accept
lmmKGi7zXn,6.0,7.0,4.0,5.0,,,Accept
_AsEqoBu3s,8.0,6.0,8.0,,,,Accept
hGdAzemIK1X,5.0,7.0,6.0,7.0,,,Accept
UmDaZksRyk,7.0,3.0,7.0,8.0,,,Accept
2EUJ4e6H4OX,7.0,7.0,5.0,,,,Accept
eUy2ULXQXKs,5.0,6.0,5.0,5.0,,,Accept
_Lz540aYDPi,7.0,5.0,6.0,,,,Accept
0Ww7UVEoNue,5.0,4.0,7.0,,,,Accept
fY6OzqOiTnu,6.0,6.0,5.0,8.0,,,Accept
ZPUkqTf6a-P,5.0,6.0,8.0,,,,Accept
joZ4CuOyKY8,4.0,7.0,6.0,6.0,,,Accept
jBTQGGy9qA-,6.0,6.0,5.0,7.0,6.0,,Accept
Kx1VCs1treH,6.0,7.0,7.0,,,,Accept
gE1zBYKaEWW,8.0,7.0,5.0,6.0,,,Accept
atb3yifRtX,7.0,7.0,4.0,,,,Accept
4X0q4uJ1fR,5.0,7.0,7.0,,,,Accept
2ZfUNW7SoaS,7.0,5.0,6.0,,,,Accept
Hr8475tQGKE,6.0,5.0,9.0,,,,Accept
uzqUp0GjKDu,7.0,5.0,7.0,7.0,,,Accept
syU-XvinTI1,8.0,7.0,6.0,6.0,,,Accept
907ZdmPmmH_,6.0,6.0,3.0,7.0,,,Accept
OQs0pLKGGpS,7.0,6.0,4.0,6.0,,,Accept
B2PpZyAAEgV,3.0,6.0,7.0,8.0,,,Accept
_3XVbh6L2c,5.0,8.0,7.0,,,,Accept
u8FDFtoMKp2,6.0,6.0,8.0,7.0,,,Accept
9WJU4Lu2KTX,3.0,8.0,6.0,,,,Accept
D45iCWZYcff,5.0,7.0,7.0,7.0,7.0,,Accept
_h2FKc6E_YV,7.0,7.0,6.0,5.0,,,Accept
1X5zpwWoHwu,8.0,7.0,8.0,6.0,,,Accept
EEcFW47sktI,6.0,5.0,3.0,5.0,,,Accept
fbUybomIuE,8.0,7.0,7.0,3.0,,,Accept
U2bAR6qzF9E,6.0,5.0,5.0,,,,Accept
_WqHmwoE7Ud,8.0,7.0,6.0,6.0,,,Accept
-Zzi_ZmlDiy,4.0,4.0,6.0,7.0,,,Accept
vF3WefcoePW,8.0,3.0,8.0,6.0,,,Accept
1GAjC_FauE,3.0,5.0,5.0,3.0,,,Accept
4JYq_Kw4zw,6.0,7.0,7.0,,,,Accept
xNeAhc2CNAl,6.0,6.0,6.0,7.0,,,Accept
PwlW5Jri1Xt,6.0,6.0,6.0,,,,Accept
zbt3VmTsRIj,6.0,6.0,5.0,5.0,,,Accept
hk8v6BoKs-w,6.0,6.0,6.0,7.0,,,Accept
U138nQxHh3,5.0,5.0,7.0,7.0,,,Accept
62GLWUoOLb5,7.0,6.0,7.0,7.0,,,Accept
b8fgqTCBJe,8.0,6.0,7.0,7.0,,,Accept
9PQ13zJ1HME,5.0,8.0,6.0,6.0,,,Accept
j2Vtg_jhKZ,5.0,3.0,6.0,7.0,5.0,,Accept
Fh9l_pVsBfv,5.0,7.0,7.0,,,,Accept
pgBpQYss2ba,7.0,6.0,7.0,,,,Accept
QPg5TTAdizy,7.0,7.0,7.0,,,,Accept
UEhzUupXbL2,6.0,4.0,7.0,4.0,,,Accept
zAuiZpZ478l,7.0,7.0,7.0,,,,Accept
cPVuuk1lZb3,7.0,5.0,8.0,6.0,,,Accept
uuaMrewU9Kk,7.0,7.0,7.0,,,,Accept
lNokkSaUbfV,7.0,7.0,8.0,,,,Accept
iUOUnyS6uTf,6.0,6.0,4.0,,,,Accept
rH-X09cB50f,5.0,4.0,5.0,,,,Accept
JUXn1vXcrLA,6.0,5.0,7.0,,,,Accept
8LeCgKb6UX,6.0,7.0,6.0,,,,Accept
H547BtAyOJ4,7.0,7.0,6.0,6.0,,,Accept
atd4X6U1jT,6.0,6.0,6.0,,,,Accept
xqyDqMojMfC,4.0,6.0,6.0,5.0,,,Accept
WbnvmtD9N1g,6.0,7.0,6.0,5.0,,,Accept
WxWO6KPg5g2,4.0,3.0,7.0,7.0,,,Accept
MNQMy2MpbcO,6.0,7.0,6.0,6.0,,,Accept
2Ln-TWxVtf,6.0,7.0,6.0,5.0,,,Accept
wN1CBFFx7JF,6.0,4.0,5.0,,,,Accept
ONFaDyl_uVq,4.0,7.0,5.0,6.0,,,Accept
qSs7C7c4G8D,7.0,7.0,7.0,,,,Accept
CF1ThuQ8vpG,4.0,5.0,7.0,,,,Accept
yNPsd3oG_s,7.0,5.0,6.0,,,,Accept
Z26xiZkbjgE,7.0,6.0,7.0,,,,Accept
GdMqXQx5fFR,7.0,7.0,4.0,,,,Accept
X5eFS09r9hm,6.0,6.0,4.0,,,,Accept
R8Cngx78A-V,6.0,5.0,5.0,4.0,,,Accept
lTZBRxm2q5,7.0,7.0,3.0,8.0,4.0,,Accept
Snp3iEj7NJ,6.0,5.0,4.0,,,,Accept
_ekGcr07Dsp,6.0,6.0,6.0,,,,Accept
LvW71lgly25,7.0,7.0,6.0,,,,Accept
hq-p55-qil9,4.0,6.0,7.0,7.0,,,Accept
Gf5DxrgD2cT,7.0,5.0,7.0,7.0,,,Accept
lYZQRpqLesi,4.0,6.0,5.0,5.0,,,Accept
zqQKGaNI4lp,5.0,7.0,7.0,6.0,,,Accept
OQtY993Y4TV,7.0,6.0,8.0,,,,Accept
Lz2N6UqRYqB,7.0,7.0,6.0,,,,Accept
bhvUOhnsgZ,6.0,7.0,7.0,5.0,,,Accept
w0O3F4cTNfG,7.0,6.0,7.0,,,,Accept
An5MaWw4L4I,7.0,8.0,3.0,6.0,,,Accept
o8nYuR8ekFm,6.0,7.0,4.0,4.0,,,Accept
LtJMqnbslJe,7.0,6.0,7.0,,,,Accept
NYpU9BRODos,4.0,8.0,7.0,,,,Accept
oR5WIUtsXmx,7.0,6.0,6.0,5.0,,,Accept
2ndfW2bw4mi,4.0,6.0,6.0,,,,Accept
I3mLa12s_H,4.0,5.0,6.0,6.0,,,Accept
avJW5-PRzV,6.0,5.0,7.0,8.0,,,Accept
v_0F4IZJZw,6.0,7.0,6.0,6.0,,,Accept
PfStAhJ2t1g,7.0,7.0,7.0,6.0,,,Accept
HZ20IYYAwah,5.0,7.0,6.0,7.0,,,Accept
dSJuEcqmEIF,6.0,6.0,7.0,,,,Accept
Tean8bBjlbB,5.0,6.0,4.0,4.0,,,Accept
xatjGRWLRO,6.0,6.0,6.0,,,,Accept
X82LFUs6g5Z,4.0,6.0,7.0,5.0,,,Accept
3s9IrEsjLyk,7.0,8.0,6.0,7.0,,,Accept
JpZ5du_Kdh,8.0,5.0,6.0,6.0,,,Accept
jdJo1HIVinI,7.0,6.0,7.0,7.0,,,Accept
peFP9Pl-6-_,5.0,6.0,7.0,6.0,,,Accept
HvJC_KsSx8S,6.0,7.0,5.0,7.0,6.0,,Accept
l7aekTjF6CO,5.0,8.0,7.0,,,,Accept
pIYYJflkhZ,4.0,3.0,7.0,8.0,,,Accept
052QkenIdSI,7.0,6.0,5.0,,,,Accept
M34VHvEU4NZ,8.0,3.0,5.0,5.0,,,Accept
Ix37FJYDkBp,7.0,3.0,7.0,,,,Accept
bQCOA4dq_T,4.0,6.0,6.0,,,,Accept
ZEQ5Gf8DiD,8.0,6.0,5.0,6.0,,,Accept
jwVZZzzNKkW,5.0,6.0,7.0,7.0,,,Accept
PIXGY1WgU-S,8.0,5.0,6.0,8.0,,,Accept
Haj8_Rwqq_H,6.0,7.0,7.0,7.0,,,Accept
k4KHXS6_zOV,5.0,8.0,6.0,,,,Accept
x_HUcWi1aF1,6.0,7.0,4.0,,,,Accept
xp5VOBxTxZ,6.0,6.0,6.0,6.0,8.0,,Accept
Qh89hwiP5ZR,6.0,7.0,5.0,6.0,,,Accept
FlrQGoHPcvo,5.0,6.0,6.0,,,,Accept
l5UNyaHqFdO,6.0,6.0,4.0,8.0,,,Accept
S-Vig7pTRXq,8.0,7.0,6.0,7.0,,,Accept
mhQLcMjWw75,6.0,5.0,8.0,4.0,,,Accept
Xm9iN3UsdpH,8.0,7.0,6.0,,,,Accept
b6to5kfFhQh,8.0,5.0,7.0,8.0,,,Accept
sOVNpUEgKMp,7.0,5.0,6.0,5.0,,,Accept
N-PiuVbkEpp,6.0,6.0,6.0,6.0,,,Accept
Y6xuQZP7t3,6.0,5.0,5.0,6.0,,,Accept
tUH1Or4xblM,5.0,5.0,6.0,6.0,,,Accept
n4wnZAdBavx,5.0,7.0,7.0,,,,Accept
DdxNka9tMRd,7.0,7.0,5.0,,,,Accept
5Ce7l5e_aGl,7.0,7.0,7.0,5.0,,,Accept
eK8Z4Ydt2_b,6.0,8.0,6.0,4.0,,,Accept
dsxuTEf01d5,7.0,7.0,6.0,,,,Accept
l1WlfNaRkKw,7.0,8.0,7.0,,,,Accept
R2XFXfK0SVe,7.0,6.0,6.0,7.0,,,Accept
z64kN1h1-rR,4.0,5.0,6.0,8.0,,,Accept
kgT6D7Z4Xv9,4.0,6.0,6.0,4.0,,,Accept
Qi4vSM7sqZq,5.0,6.0,5.0,6.0,,,Accept
eNlaFpjpZf,5.0,6.0,6.0,,,,Accept
LSKlp_aceOC,5.0,5.0,7.0,6.0,7.0,,Accept
ttC9p-CtYT,5.0,5.0,6.0,,,,Accept
AUJT3rj2F5U,6.0,5.0,5.0,,,,Accept
GwwC16ECrM5,7.0,6.0,7.0,,,,Accept
65eqtvEShR8,5.0,5.0,6.0,7.0,,,Accept
2ge7_pORL_n,4.0,5.0,6.0,7.0,,,Accept
71ICQGB92Yz,4.0,7.0,7.0,8.0,,,Accept
hPfJut2PeLa,6.0,7.0,6.0,6.0,,,Accept
EZZsnke1kt,7.0,8.0,7.0,8.0,,,Accept
boItpVtQ14K,6.0,4.0,7.0,,,,Accept
diV1PpaP33,4.0,4.0,5.0,7.0,,,Accept
prQkA_NjuuB,7.0,5.0,7.0,,,,Accept
MjaROj4BOwk,6.0,7.0,4.0,,,,Accept
4NpoSrT8uU-,8.0,6.0,5.0,,,,Accept
u6GIDyHitzF,6.0,6.0,6.0,,,,Accept
Cl9dcH6Xkcj,7.0,6.0,8.0,,,,Accept
mhp4wLwiAI-,3.0,5.0,4.0,8.0,,,Accept
_h29VprPHD,7.0,8.0,5.0,8.0,,,Accept
3yO3MiSOkH4,5.0,6.0,6.0,6.0,,,Accept
XY5g3mkVge,5.0,6.0,6.0,,,,Accept
M-seILmeISn,8.0,8.0,6.0,5.0,,,Accept
nyn2ewuF-g9,6.0,6.0,4.0,7.0,5.0,,Accept
W8nyVJruVg,7.0,7.0,7.0,,,,Accept
QYQH9w9Z8bO,5.0,7.0,6.0,6.0,,,Accept
gt-l9Hu2ndd,5.0,8.0,2.0,,,,Accept
f-FQE1fjPK,5.0,3.0,7.0,6.0,,,Accept
_QzJJGH_KE,6.0,6.0,6.0,5.0,,,Accept
RBhIkQRpzFK,4.0,7.0,5.0,,,,Accept
AYII8AkvD1e,5.0,3.0,5.0,6.0,,,Accept
JkEz1fqN3hX,6.0,5.0,7.0,,,,Accept
XZhipvOUBB,6.0,6.0,6.0,6.0,,,Accept
vNrSXIFJ9wz,7.0,6.0,6.0,,,,Accept
jWgGtPmi8c,6.0,4.0,5.0,3.0,7.0,,Accept
-76EsjcHnbj,6.0,8.0,8.0,,,,Accept
suHUJr7dV5n,7.0,5.0,7.0,7.0,,,Accept
wo-a8Ji6s3A,7.0,6.0,8.0,,,,Accept
5hgYi4r5MDp,7.0,6.0,5.0,,,,Accept
_cFdPHRLuJ,5.0,6.0,6.0,7.0,,,Accept
jqzoJw7xamd,6.0,7.0,4.0,5.0,,,Accept
LdKdbHw3A_6,6.0,5.0,5.0,7.0,,,Accept
CHMJSfuIX8,7.0,5.0,7.0,7.0,,,Accept
qw3MZb1Juo,7.0,4.0,5.0,,,,Accept
lIeuKiTZsLY,7.0,4.0,8.0,,,,Accept
drVX99PekKf,5.0,5.0,6.0,7.0,,,Accept
rg_yN3HpCp,6.0,7.0,6.0,,,,Accept
uLhKRH-ovde,5.0,5.0,4.0,5.0,,,Accept
_sQ6pLNVHoh,6.0,7.0,6.0,6.0,,,Accept
AyiiHcRzTd,7.0,5.0,6.0,,,,Accept
LCOv-GVVDkp,6.0,4.0,4.0,7.0,,,Accept
AWeZdGJ89lC,7.0,5.0,6.0,4.0,,,Accept
8gQEmEgWAkc,7.0,7.0,8.0,,,,Accept
NSophzmqq8Y,6.0,7.0,6.0,6.0,,,Accept
G25uStbmC7,5.0,4.0,7.0,,,,Accept
VBbxHvbJd94,5.0,7.0,6.0,,,,Accept
YUEP3ZmkL1,3.0,7.0,6.0,6.0,,,Accept
OrcLKV9sKWp,7.0,6.0,6.0,,,,Accept
MOGt8ZizQJL,7.0,6.0,7.0,5.0,,,Accept
iWg5LjFbeT_,6.0,5.0,6.0,7.0,,,Accept
TIQfmR7IF6H,7.0,6.0,4.0,7.0,,,Accept
sFapsu4hYo,5.0,6.0,4.0,6.0,,,Accept
A7l8WZIKz3,4.0,7.0,6.0,3.0,,,Accept
AKM3C3tsSx3,6.0,6.0,6.0,,,,Accept
ObgXE0EMIqH,6.0,6.0,4.0,5.0,8.0,,Accept
u6p_NvZ23qt,7.0,6.0,6.0,,,,Accept
Vc4QUfqr4do,8.0,7.0,7.0,,,,Accept
f_kvHrM4Q0,8.0,5.0,5.0,,,,Accept
QMrs1nggaL,7.0,7.0,7.0,7.0,,,Accept
SCD0hn3kMHw,5.0,6.0,7.0,7.0,,,Accept
u6OfmaGIya1,6.0,5.0,7.0,5.0,,,Accept
PRd7VG_ki_,8.0,5.0,6.0,6.0,,,Accept
CwQCeJnteii,6.0,5.0,6.0,6.0,,,Accept
oWqWiazEb62,7.0,7.0,7.0,,,,Accept
h8Bd7Gm3muB,6.0,6.0,7.0,,,,Accept
8qugS9JqAxD,6.0,7.0,7.0,,,,Accept
CwG-o0ind6t,7.0,9.0,7.0,7.0,,,Accept
A7O7Fl5Qo9W,6.0,6.0,6.0,5.0,,,Accept
uxWr9vEdsBh,7.0,7.0,7.0,5.0,,,Accept
Ypp6z77A6_,3.0,7.0,5.0,5.0,5.0,,Accept
z0M3qHDqH20,5.0,7.0,5.0,6.0,,,Accept
pBz3h8VibKY,5.0,7.0,4.0,,,,Accept
PGQrtAnF-h,8.0,7.0,6.0,,,,Accept
2clwrA2tfik,7.0,8.0,7.0,7.0,,,Accept
0SgKq4ZC9r,6.0,4.0,6.0,,,,Accept
YsRH6uVcx2l,7.0,8.0,7.0,5.0,,,Accept
IILJ0KWZMy9,6.0,7.0,4.0,,,,Accept
hzbguA9zMJ,6.0,7.0,6.0,7.0,,,Accept
NYF6jNTAui,4.0,7.0,6.0,,,,Accept
exDlhqs1Qr,7.0,7.0,7.0,,,,Accept
JXY11Tc9mwY,8.0,6.0,6.0,4.0,,,Accept
rOimdw0-sx9,4.0,5.0,7.0,6.0,,,Accept
Nx4gNemvNvx,6.0,5.0,5.0,,,,Accept
uAIQymz0Qp,7.0,7.0,7.0,7.0,,,Accept
jRrpiqxtrWm,6.0,3.0,4.0,5.0,,,Accept
ANkIj-WI2XA,7.0,8.0,7.0,7.0,,,Accept
GbpEszOdiTV,6.0,5.0,5.0,7.0,,,Accept
PPlAVQDeL6,5.0,5.0,7.0,5.0,,,Accept
eHePKMLuNmy,7.0,7.0,5.0,6.0,,,Accept
MXX18i8puEk,6.0,7.0,5.0,,,,Accept
4n1PS9WvdYv,6.0,7.0,7.0,6.0,7.0,,Accept
sjaQ2bHpELV,7.0,5.0,6.0,7.0,,,Accept
VVsNTPK1FBp,5.0,5.0,7.0,7.0,,,Accept
df1g_KeEjQ,5.0,7.0,8.0,4.0,,,Accept
WaKGmSI2-8g,8.0,6.0,6.0,,,,Accept
lhLEGeBC-ru,7.0,7.0,7.0,8.0,,,Accept
PM5gVmG2Jj,8.0,5.0,6.0,7.0,,,Accept
giOus054WOy,6.0,7.0,8.0,5.0,,,Accept
kUOm0Fdtvh,4.0,5.0,6.0,6.0,,,Accept
bDyLgfvZ0qJ,8.0,8.0,8.0,,,,Accept
maSvlkPHc-k,6.0,4.0,4.0,4.0,6.0,6.0,Accept
ytnwPTrpl38,6.0,6.0,6.0,,,,Accept
Ri3T9dwZ_rG,7.0,6.0,7.0,6.0,6.0,,Accept
fJ924S1j5xh,6.0,6.0,6.0,7.0,,,Accept
XSNfXG9HBAu,3.0,5.0,7.0,,,,Accept
PPjSKy40XUB,7.0,7.0,6.0,7.0,,,Accept
MZmv_B1DM3,6.0,6.0,8.0,,,,Accept
VY1dqOF2RjC,8.0,4.0,5.0,5.0,,,Accept
DpxXyntc12v,7.0,6.0,8.0,5.0,,,Accept
7cL46kHUu4,6.0,6.0,5.0,,,,Accept
wjqr6aqkLUV,5.0,5.0,6.0,,,,Accept
c6ibx0yl-aG,5.0,7.0,8.0,5.0,,,Accept
FxVH7iToXS,5.0,7.0,4.0,,,,Accept
vmjckXzRXmh,7.0,7.0,5.0,4.0,,,Accept
dUSI4vFyMK,6.0,9.0,7.0,7.0,7.0,,Accept
-h6WAS6eE4,4.0,7.0,7.0,,,,Accept
qYc8VnmUwbv,8.0,8.0,6.0,7.0,,,Accept
Jd70afzIvJ4,7.0,6.0,7.0,5.0,,,Accept
AqexjBWRQFx,7.0,3.0,6.0,6.0,,,Accept
-uezmSLXVoE,6.0,8.0,8.0,7.0,,,Accept
Ncyc0JS7Q16,8.0,4.0,6.0,,,,Accept
SNElc7QmMDe,6.0,6.0,6.0,,,,Accept
b-SNWfqkZc,5.0,5.0,5.0,,,,Accept
4PJbcrW_7wC,7.0,7.0,7.0,6.0,,,Accept
oPzICxVFqVM,8.0,7.0,6.0,5.0,,,Accept
_5rdhnrbl-z,5.0,7.0,6.0,5.0,,,Accept
eJM0aA5Qhhk,7.0,6.0,5.0,6.0,,,Accept
8ON84BdnSn,7.0,7.0,7.0,7.0,,,Accept
APQY2WZFZkd,7.0,7.0,7.0,,,,Accept
D4fuQ1MveDM,7.0,7.0,6.0,7.0,,,Accept
Xt9smkoTgQf,7.0,6.0,3.0,,,,Accept
agQGDz6gPOo,7.0,5.0,6.0,7.0,,,Accept
rwyISFoSmXd,7.0,6.0,4.0,5.0,,,Accept
VK9jfSPnnb,7.0,6.0,7.0,6.0,,,Accept
lHuPdoHBxbg,7.0,7.0,6.0,,,,Accept
ZJqqSa8FsH9,7.0,4.0,4.0,7.0,,,Accept
MbBTrAvee-N,7.0,6.0,5.0,,,,Accept
7vlIVOBKarp,6.0,7.0,6.0,7.0,7.0,,Accept
493VFz-ZvDD,6.0,6.0,7.0,3.0,,,Accept
NSWNgQgoF71,7.0,4.0,6.0,,,,Accept
qPb0m0NXt4j,8.0,6.0,6.0,6.0,,,Accept
24fiAU_9vT,9.0,7.0,6.0,,,,Accept
m8vzptcFKsT,5.0,7.0,7.0,,,,Accept
-TJpOACwpl5,7.0,7.0,5.0,5.0,,,Accept
ii9X4vtZGTZ,6.0,5.0,5.0,,,,Accept
2NcrByUfu9,6.0,8.0,5.0,,,,Accept
RHa77BXv6k,6.0,6.0,8.0,,,,Accept
g0QM7IBuCh,6.0,6.0,7.0,6.0,,,Accept
Ir8b8lG_Vc,7.0,6.0,6.0,,,,Accept
WBp4dli3No6,6.0,9.0,8.0,,,,Accept
Mg-PzsJkEmg,6.0,6.0,6.0,,,,Accept
KUOKpojFr_,7.0,5.0,4.0,,,,Accept
QeaYt6w5Xa1,6.0,6.0,6.0,5.0,,,Accept
FLzTj4ia8BN,6.0,6.0,5.0,5.0,,,Accept
DoQElY73YR,3.0,5.0,6.0,5.0,,,Accept
_LceCyuVcH,6.0,3.0,6.0,4.0,,,Accept
hUjMhflYvGc,7.0,5.0,4.0,,,,Accept
-BxFk0t7wN,6.0,6.0,6.0,,,,Accept
KBUgVv8z7OA,4.0,6.0,4.0,8.0,,,Accept
9lQmaKMxIUD,7.0,8.0,8.0,7.0,,,Accept
k5idxiVdJ3p,4.0,9.0,6.0,5.0,,,Accept
BsSP7pZGFQO,8.0,7.0,7.0,,,,Accept
D0aqV81d0_k,6.0,6.0,6.0,,,,Accept
x26Mpsf45P3,6.0,8.0,7.0,7.0,,,Accept
jFVfKsmKa-,5.0,6.0,5.0,8.0,,,Accept
rhdfTOiXBng,7.0,7.0,7.0,,,,Accept
etY_XXnPkoC,8.0,6.0,5.0,7.0,,,Accept
hqRwcqzegr7,7.0,7.0,7.0,,,,Accept
bEMrmaw8gOB,7.0,7.0,7.0,6.0,,,Accept
WPXRVQaP9Oq,6.0,5.0,5.0,,,,Accept
U1m_93ansV,7.0,7.0,6.0,7.0,,,Accept
N6zHSyChCF2,6.0,6.0,6.0,,,,Accept
FkPZGtTxXx6,5.0,7.0,6.0,6.0,,,Accept
ecevn9kPm4,5.0,7.0,7.0,,,,Accept
cwWSpO6rl3Z,6.0,8.0,5.0,,,,Accept
i-UdJ6fWUFc,6.0,7.0,7.0,,,,Accept
03Qml_SaPqV,9.0,8.0,7.0,,,,Accept
YPpSngE-ZU,7.0,6.0,8.0,,,,Accept
yJEUDfzsTX7,5.0,7.0,7.0,7.0,,,Accept
s776AhRFm67,7.0,3.0,4.0,7.0,8.0,,Accept
prKLyXwzIW,5.0,6.0,7.0,7.0,,,Accept
ALIYCycCsTy,4.0,7.0,6.0,,,,Accept
X1oVDZIABwF,5.0,6.0,5.0,5.0,,,Accept
szt95rn-ql,8.0,8.0,7.0,7.0,,,Accept
mhe2C2VWwCW,7.0,6.0,8.0,,,,Accept
xvlaiSHgPrC,5.0,3.0,6.0,7.0,,,Accept
6V4vRCbVA3J,7.0,5.0,5.0,7.0,,,Accept
TERVhuQVTe,7.0,6.0,7.0,6.0,,,Accept
FYGrMDwQyL,6.0,5.0,7.0,,,,Accept
_qsh1p43SIf,7.0,5.0,6.0,4.0,,,Accept
MPARWTuMiPh,3.0,6.0,7.0,9.0,,,Accept
wt7cd9m2cz2,7.0,6.0,7.0,7.0,8.0,,Accept
3nbKUphLBg5,3.0,6.0,7.0,,,,Accept
XiwkvDTU10Y,6.0,6.0,6.0,,,,Accept
6HFRBaPmp,8.0,6.0,6.0,,,,Accept
3PAIKtWQsc,7.0,6.0,7.0,6.0,,,Accept
6NTFiNpQJ6,4.0,7.0,6.0,4.0,,,Accept
g-H3oNARs2,9.0,6.0,5.0,5.0,,,Accept
M3WW7TqoMvc,8.0,7.0,7.0,7.0,,,Accept
hPVXHzzK0z,5.0,5.0,4.0,5.0,6.0,,Accept
6FkSHynJr1,6.0,5.0,6.0,7.0,,,Accept
1_gypPuWUC3,7.0,7.0,6.0,6.0,,,Accept
SL4SwMNnwIe,7.0,7.0,5.0,7.0,,,Accept
6scShPCpdDu,6.0,7.0,8.0,,,,Accept
QEODRZ7j3L_,7.0,8.0,7.0,,,,Accept
R5yl-ySZR0U,7.0,5.0,6.0,4.0,,,Accept
pyLFJ9TBZw,5.0,5.0,7.0,,,,Accept
1mFfKXYMg5a,8.0,7.0,7.0,,,,Accept
yTJze_xm-u6,7.0,7.0,8.0,6.0,,,Accept
JyTT03dqCFD,6.0,2.0,6.0,7.0,,,Accept
tzNWhvOomsK,5.0,6.0,7.0,6.0,,,Accept
Wl1ZIgMqLlq,7.0,7.0,8.0,7.0,,,Accept
CIYF4tpQzgK,5.0,4.0,7.0,8.0,,,Accept
ErUlLrGaVEU,6.0,6.0,7.0,7.0,,,Accept
1LmgISIDZJ,6.0,5.0,7.0,,,,Accept
KXybrIUJnya,4.0,7.0,6.0,6.0,,,Accept
KwwBBSzQgRX,9.0,7.0,7.0,7.0,,,Accept
7WuCttgNQ79,7.0,5.0,7.0,,,,Accept
PbKa0yApPq5,7.0,7.0,7.0,7.0,,,Accept
edgCBcwZxgd,6.0,7.0,7.0,,,,Accept
5aZ8umizItU,5.0,5.0,8.0,8.0,,,Accept
11nMVZK0WYM,7.0,6.0,7.0,,,,Accept
oNWqs_JRcDD,6.0,4.0,7.0,,,,Accept
OFJSAMwskM,6.0,7.0,5.0,8.0,,,Accept
9XWHdVCynhp,7.0,4.0,5.0,,,,Accept
8rfYWE3nyXl,7.0,7.0,6.0,,,,Accept
ST5ZUlz_3w,6.0,6.0,5.0,8.0,5.0,7.0,Accept
r5rzV51GZx,6.0,5.0,6.0,4.0,5.0,,Accept
wZEfHUM5ri,5.0,6.0,6.0,6.0,,,Accept
F2mhzjHkQP,5.0,8.0,7.0,6.0,,,Accept
6Nh0D44tRAz,7.0,7.0,7.0,,,,Accept
dTTKMy00PTJ,9.0,7.0,8.0,,,,Accept
5g7l7EJoZT,6.0,6.0,5.0,5.0,,,Accept
98TSEoHOoQE,6.0,6.0,5.0,,,,Accept
g05fHAvNeXx,6.0,5.0,5.0,8.0,,,Accept
mUeMOdJ2IJp,7.0,6.0,6.0,5.0,,,Accept
XFnDhcEH9FF,6.0,5.0,7.0,6.0,,,Accept
lxsL16YeE2w,7.0,7.0,8.0,,,,Accept
DTsCy9Lyj5-,6.0,7.0,4.0,6.0,,,Accept
12nqqeQnDW7,6.0,5.0,6.0,6.0,,,Accept
2-CflpDkezH,6.0,6.0,6.0,6.0,7.0,,Accept
rApvGord7j,5.0,4.0,6.0,6.0,,,Accept
EI1x5B1-o8M,6.0,7.0,3.0,5.0,,,Accept
Yq6g9xluV0,4.0,6.0,6.0,6.0,,,Accept
aZQJMVx8fk,7.0,5.0,7.0,4.0,,,Accept
YeuBRKq_yZ-,6.0,6.0,6.0,6.0,,,Accept
IE32oIlhXz,5.0,6.0,7.0,7.0,,,Accept
XiLasGufCM,5.0,6.0,7.0,4.0,,,Accept
mhP6mHgrg1c,3.0,7.0,6.0,7.0,,,Accept
p_BVHgrvHD4,6.0,5.0,7.0,4.0,,,Accept
9T0Bnap5-j7,6.0,6.0,5.0,7.0,,,Accept
voV_TRqcWh,6.0,4.0,6.0,,,,Accept
4BoN6bk-FEz,8.0,5.0,5.0,,,,Accept
hXzOqPlXDwm,6.0,7.0,7.0,4.0,,,Accept
ah2gZLdT9u,4.0,7.0,6.0,7.0,,,Accept
ajH17-Pb43A,6.0,4.0,6.0,6.0,,,Accept
nEJMdZd8cIi,6.0,7.0,9.0,8.0,,,Accept
wVc4Qg5Bhah,7.0,4.0,7.0,8.0,,,Accept
VVcSpAbR4zX,7.0,5.0,8.0,4.0,,,Accept
H4DqfPSibmx,8.0,6.0,8.0,7.0,7.0,,Accept
Zh21fp1B0vv,7.0,7.0,7.0,7.0,,,Accept
6I3zJn9Slsb,7.0,6.0,6.0,,,,Accept
0ISChqjlrq,6.0,6.0,6.0,7.0,,,Accept
1Re5RKwpieG,6.0,5.0,7.0,4.0,,,Accept
zp_Cp38qJE0,6.0,5.0,4.0,,,,Accept
HMs5pxZq1If,8.0,6.0,6.0,,,,Accept
wKf5dRSartn,7.0,5.0,8.0,7.0,,,Accept
U6vBmFL9SxP,5.0,4.0,6.0,,,,Accept
-r6-WNKfyhW,6.0,7.0,7.0,7.0,,,Accept
WHqVVk3UHr,9.0,7.0,9.0,6.0,,,Accept
NtwEUZE6VcL,7.0,7.0,7.0,7.0,,,Accept
riIaC2ivcYA,6.0,6.0,6.0,7.0,,,Accept
kxXvopt9pWK,6.0,5.0,5.0,6.0,,,Accept
ZLsZmNe1RDb,7.0,7.0,7.0,6.0,6.0,,Accept
a01PL2gb7W5,7.0,6.0,8.0,6.0,,,Accept
WDS1M0gsfXk,6.0,6.0,5.0,7.0,,,Accept
Inj9ed0mzQb,5.0,5.0,9.0,7.0,,,Accept
PrJSZxup-U,6.0,7.0,6.0,4.0,,,Accept
PRsjhKIrVg,4.0,6.0,6.0,6.0,,,Accept
C2Mikd2WpOc,3.0,8.0,7.0,8.0,,,Accept
U3gobB4oKv,8.0,5.0,8.0,5.0,,,Accept
ZJ7Lrtd12x_,7.0,7.0,5.0,6.0,,,Accept
OtjQ7NTu3j,5.0,8.0,7.0,3.0,,,Accept
p6hArCtwLAU,6.0,6.0,6.0,6.0,,,Accept
p3w4l4nf_Rr,7.0,6.0,6.0,,,,Accept
ACThGJBOctg,7.0,6.0,5.0,8.0,,,Accept
FFPcFtWJwsB,5.0,7.0,6.0,6.0,,,Accept
WXdSp8k0TMn,6.0,7.0,6.0,4.0,,,Accept
2Bus7sfjZh8,6.0,8.0,7.0,,,,Accept
vDeh2yxTvuh,5.0,5.0,7.0,7.0,,,Accept
IIDC-pVqkrf,7.0,4.0,7.0,7.0,,,Accept
GL-3WEdNRM,6.0,7.0,7.0,7.0,6.0,7.0,Accept
WrIrYMCZgbb,6.0,5.0,5.0,4.0,,,Accept
ccYOWWNa5v2,5.0,5.0,7.0,,,,Accept
VgX6ceDerh2,4.0,7.0,7.0,6.0,,,Accept
mrt90D00aQX,6.0,7.0,6.0,4.0,,,Accept
8hoDLRLtl9h,5.0,5.0,5.0,5.0,6.0,,Accept
Jpxd93u2vK-,4.0,5.0,8.0,6.0,,,Accept
-welFirjMss,6.0,6.0,6.0,,,,Accept
tVbJdvMxK2-,4.0,6.0,5.0,,,,Accept
8XWP2ewX-im,6.0,4.0,7.0,,,,Accept
9i7Sf1aRYq,6.0,6.0,7.0,4.0,,,Accept
qC2BwvfaNdd,6.0,6.0,7.0,7.0,3.0,,Accept
pluyPFTiTeJ,6.0,7.0,5.0,,,,Accept
FJ42JCNNUYT,4.0,6.0,6.0,,,,Accept
wiHzQWwg3l,5.0,7.0,6.0,,,,Accept
thirVlDJ2IL,7.0,6.0,7.0,,,,Accept
2hp6sIBsCDH,6.0,6.0,6.0,,,,Accept
22hMrSbQXzt,5.0,5.0,7.0,6.0,,,Accept
IfgOWI5v2f,5.0,5.0,7.0,,,,Accept
JLWOTZpWZzY,7.0,5.0,6.0,4.0,,,Accept
Ul1legCUGIV,7.0,6.0,6.0,6.0,,,Accept
pNEisJqGuei,4.0,7.0,7.0,3.0,,,Accept
7fdVZR_cl7,4.0,8.0,7.0,8.0,,,Accept
2zQx2Pxbd7J,5.0,6.0,7.0,,,,Accept
FhuM-kk8Pbk,7.0,7.0,6.0,6.0,,,Accept
r-CsquKaHvk,6.0,7.0,7.0,7.0,,,Accept
jjlQkcHxkp0,7.0,8.0,7.0,7.0,,,Accept
_3ELRdg2sgI,7.0,7.0,6.0,7.0,,,Accept
I1mkUkaguP,7.0,7.0,7.0,8.0,,,Accept
-9PV7GKwYpM,6.0,6.0,5.0,6.0,,,Accept
sof8l4cki9,6.0,6.0,5.0,8.0,,,Accept
rrYWOpf_Vnf,6.0,4.0,6.0,6.0,8.0,,Accept
B4OTsjq63T5,9.0,7.0,8.0,,,,Accept
BjGawodFnOy,6.0,7.0,6.0,,,,Accept
OGM9dXemmq,5.0,6.0,7.0,,,,Accept
6aIYRZvbmk-,5.0,6.0,5.0,7.0,,,Accept
0xbP4W7rdJW,5.0,6.0,4.0,6.0,,,Accept
Qx6UPW0r9Lf,7.0,6.0,3.0,4.0,,,Accept
nV230sPnEBN,6.0,6.0,6.0,8.0,,,Accept
TIPyxNbzeB8,6.0,6.0,6.0,4.0,,,Accept
I-6yh2-dkyD,7.0,7.0,7.0,,,,Accept
m16lH6XJsbb,7.0,5.0,6.0,7.0,,,Accept
Z72wo6oOZQp,5.0,5.0,7.0,,,,Accept
ByMYEibhiXO,7.0,5.0,6.0,,,,Accept
WNSyF9qZaMd,7.0,4.0,5.0,,,,Accept
6TJryN46h7j,6.0,5.0,7.0,6.0,,,Accept
7KKL3Z5sod,7.0,7.0,6.0,6.0,,,Accept
_VjQlMeSB_J,6.0,6.0,9.0,,,,Accept
6ZI4iF_T7t,6.0,6.0,7.0,6.0,,,Accept
Q82UCjXNSWL,6.0,7.0,6.0,5.0,,,Accept
cqyBfRwOTm1,7.0,5.0,5.0,7.0,,,Accept
ZfaEZyQDrok,5.0,5.0,4.0,7.0,,,Accept
n6QYLjlYhkG,6.0,6.0,7.0,,,,Accept
PuagBLcAf8n,7.0,5.0,4.0,6.0,,,Accept
z2cG3k8xa3C,7.0,7.0,7.0,7.0,,,Accept
Xa1T165JEhB,6.0,4.0,6.0,8.0,,,Accept
qTCiw1frE_l,5.0,6.0,8.0,,,,Accept
kMiL9hWbD1z,5.0,5.0,5.0,5.0,,,Accept
VE8QRTrWAMb,5.0,8.0,6.0,,,,Accept
rTvH1_SRyXs,5.0,5.0,8.0,6.0,,,Accept
zSdz5scsnzU,6.0,6.0,6.0,6.0,,,Accept
qqHMvHbfu6,5.0,8.0,8.0,,,,Accept
E28hy5isRzC,7.0,5.0,6.0,8.0,,,Accept
o3HXEEBKnD,7.0,8.0,7.0,7.0,,,Accept
vdh62914QR,5.0,6.0,7.0,6.0,,,Accept
hPkGV4BPsmv,4.0,7.0,6.0,4.0,,,Accept
nosngu5XwY9,8.0,6.0,6.0,10.0,,,Accept
7fGIR2oIHTl,7.0,4.0,5.0,,,,Accept
CFAsKosKwwk,6.0,7.0,6.0,6.0,,,Accept
FO0Gb8IL1p5,7.0,7.0,6.0,4.0,,,Accept
BuQIv5Qe35,5.0,5.0,5.0,,,,Accept
AlkMMzUX95,3.0,7.0,6.0,6.0,5.0,,Accept
qOgSCLE5E8,6.0,5.0,7.0,6.0,,,Accept
N_D-JLau3Z,6.0,5.0,6.0,,,,Accept
lhl_rYNdiH6,6.0,6.0,5.0,8.0,,,Accept
PBmJC6rDnR6,7.0,6.0,6.0,,,,Accept
DbEVhhuNjr,8.0,6.0,7.0,7.0,,,Accept
MZoyeKrpVYP,7.0,5.0,6.0,,,,Accept
F2Gk6Vr3wu,6.0,6.0,6.0,,,,Accept
9Hjh0tMT1pm,6.0,7.0,7.0,6.0,,,Accept
3vpvnMVOUKE,7.0,7.0,5.0,7.0,,,Accept
qwjrO7Rewqy,5.0,5.0,7.0,,,,Accept
7TGpLKADODE,5.0,5.0,7.0,6.0,,,Accept
2B2xIJ299rx,7.0,6.0,4.0,4.0,,,Accept
wzJcEb5Mm4,5.0,5.0,5.0,7.0,,,Accept
g2cM5983pw,7.0,6.0,4.0,8.0,,,Accept
peZSbfNnBp4,7.0,6.0,6.0,6.0,,,Accept
L74c-iUxQ1I,7.0,6.0,7.0,7.0,,,Accept
lMrpZ-ycIaT,8.0,5.0,6.0,,,,Accept
aPgQdvSAuw,7.0,5.0,6.0,6.0,,,Accept
mjVmifxpKqS,5.0,6.0,7.0,6.0,,,Accept
vsNQkquutZk,6.0,5.0,7.0,7.0,,,Accept
nP6e73uxd1,7.0,8.0,7.0,7.0,,,Accept
2Tv54LpM9cK,8.0,5.0,6.0,6.0,,,Accept
T-aVFGCSQNV,5.0,6.0,5.0,7.0,,,Accept
FhyrZ92DcI9,5.0,6.0,4.0,,,,Accept
vkhYWVtfcSQ,5.0,7.0,6.0,,,,Accept
5OLcPQaYTVg,7.0,6.0,5.0,7.0,,,Accept
UmFSx2c4ubT,6.0,3.0,5.0,5.0,,,Accept
BqnMaAvTNVq,4.0,7.0,7.0,6.0,,,Accept
5g-h_DILemH,7.0,4.0,7.0,5.0,,,Accept
Ep98SUx9gka,6.0,6.0,3.0,7.0,,,Accept
oOte_397Q4P,5.0,6.0,6.0,6.0,,,Accept
W1MUJv5zaXP,7.0,7.0,7.0,9.0,,,Accept
GTde0BIHMGB,7.0,6.0,7.0,6.0,,,Accept
n3lr7GdcbyD,5.0,8.0,7.0,8.0,,,Accept
mTra5BIUyRV,6.0,6.0,7.0,8.0,,,Accept
A0WsxAzR_yn,6.0,7.0,6.0,,,,Accept
w4X7GLThiuJ,6.0,6.0,6.0,,,,Accept
BOQr80FBX_,5.0,6.0,5.0,,,,Accept
suplyBhTDjC,6.0,5.0,6.0,7.0,,,Accept
w6fj2r62r_H,8.0,7.0,7.0,7.0,,,Accept
Hb37zNk14e5,4.0,7.0,5.0,,,,Accept
FJVB_tkiWpw,7.0,5.0,5.0,,,,Accept
ex60CCi5GS,3.0,4.0,8.0,8.0,,,Accept
nDemfqKHTpK,7.0,6.0,6.0,,,,Accept
GH4q4WmGAsl,4.0,7.0,3.0,7.0,,,Accept
jdsmBlsHGF2,8.0,7.0,3.0,,,,Accept
EFnI8Qc--jE,7.0,6.0,8.0,6.0,,,Accept
Dh7eLBlTXb5,6.0,4.0,5.0,6.0,,,Accept
FFZYhY2z3j,7.0,6.0,5.0,7.0,,,Accept
Leg6spUEFFf,5.0,7.0,6.0,6.0,,,Accept
wwW-1k1ljIg,5.0,8.0,4.0,6.0,,,Accept
EbMuimAbPbs,3.0,8.0,8.0,7.0,8.0,,Accept
b57KM4ydqpp,8.0,6.0,6.0,,,,Accept
kS5KG3mpSY,7.0,7.0,7.0,,,,Accept
Yg2CRGUln5k,5.0,8.0,7.0,5.0,,,Accept
O0HTonUP2A2,4.0,6.0,6.0,7.0,,,Accept
P7TayMSBhnV,6.0,7.0,4.0,,,,Accept
YpHb0IVJu92,7.0,4.0,6.0,,,,Accept
nZRTRevUO-,7.0,7.0,6.0,,,,Accept
deyqjpcTfsG,7.0,6.0,6.0,,,,Accept
AJ_flTkNFhP,5.0,4.0,5.0,5.0,,,Accept
e4Wf6112DI,7.0,7.0,7.0,,,,Accept
oMhmv3hLOF2,5.0,6.0,6.0,,,,Accept
-t9FUWW5f3u,8.0,3.0,8.0,,,,Accept
lDohSFOHr0,4.0,8.0,7.0,8.0,,,Accept
2xfJ26BuFP,7.0,7.0,6.0,,,,Accept
pfI7u0eJAIr,6.0,6.0,5.0,3.0,,,Accept
Vj-jYs47cx,6.0,7.0,6.0,7.0,,,Accept
yipUuqxveCy,5.0,6.0,6.0,,,,Accept
muvlhVKvd4,7.0,6.0,7.0,6.0,,,Accept
wSVEd3Ta42m,5.0,6.0,6.0,7.0,,,Accept
vriLTB2-O0G,8.0,5.0,5.0,7.0,,,Accept
7fU8UPo875w,5.0,6.0,4.0,5.0,,,Accept
4rm6tzBjChe,6.0,5.0,7.0,,,,Accept
ofRmFwBvvXh,4.0,7.0,9.0,,,,Accept
nSe94hrIWhb,4.0,5.0,8.0,,,,Accept
G3fswMh9P8y,7.0,7.0,6.0,7.0,,,Accept
U_YPSEyN2ls,7.0,6.0,5.0,,,,Accept
wfKbtSjHA6F,6.0,5.0,7.0,6.0,,,Accept
ldxUm0mmhl8,4.0,7.0,7.0,6.0,,,Accept
tq_J_MqB3UB,8.0,6.0,7.0,7.0,,,Accept
x7S1NsUdKZ,4.0,6.0,6.0,,,,Accept
PtbGae6Eauy,5.0,7.0,7.0,7.0,,,Accept
ju38DG3sbg6,7.0,7.0,6.0,,,,Accept
kFRCvpubDJo,5.0,6.0,6.0,,,,Accept
5wI7gNopMHW,7.0,4.0,5.0,7.0,,,Accept
UvQgwhYi7QM,6.0,7.0,5.0,,,,Accept
DzPWTwfby5d,6.0,7.0,7.0,,,,Accept
R5pVDJ4FNoc,6.0,7.0,6.0,5.0,,,Accept
SLA4t66xln9,5.0,6.0,4.0,5.0,,,Accept
rjDziEPQLQs,6.0,6.0,8.0,,,,Accept
Cp9sWmkd1H0,6.0,5.0,5.0,6.0,,,Accept
ldRyJb_cjXa,4.0,6.0,6.0,,,,Accept
Q9dj3MzY1o7,6.0,6.0,6.0,,,,Accept
K2QGzyLwpYG,6.0,8.0,7.0,6.0,,,Accept
YODI3TcLX,6.0,8.0,5.0,9.0,7.0,,Accept
vy7B8z0-4D,6.0,7.0,7.0,,,,Accept
EgMbj9yWrMI,7.0,7.0,8.0,6.0,,,Accept
xxgp42Qz6dL,5.0,6.0,6.0,6.0,,,Accept
9wCQVgEWO2J,7.0,6.0,5.0,,,,Accept
y-E1htoQl-n,6.0,7.0,7.0,7.0,,,Accept
mjVZw5ADSbX,6.0,7.0,6.0,5.0,,,Accept
oiztwzmM9l,6.0,7.0,7.0,6.0,,,Accept
Cgmk9CicWFl,8.0,7.0,5.0,4.0,,,Accept
Xwz9B6LDM5c,6.0,6.0,5.0,,,,Accept
1cJ1cbA6NLN,6.0,3.0,6.0,7.0,,,Accept
SFeKNSxect,6.0,6.0,6.0,6.0,,,Accept
X0m9q0IcsmX,7.0,6.0,6.0,5.0,,,Accept
Owz3dDKM32p,8.0,5.0,7.0,6.0,,,Accept
_gA20SUfd4a,6.0,7.0,6.0,,,,Accept
KeIuNChob1H,7.0,4.0,7.0,7.0,,,Accept
0Uejkm1GB1U,4.0,5.0,7.0,7.0,,,Accept
AbLj0l8YbYt,6.0,5.0,6.0,,,,Accept
LKPtAaJcuLx,6.0,5.0,6.0,,,,Accept
Mn_HoKBcWK,5.0,7.0,5.0,5.0,,,Accept
8U5J6zK_MtV,4.0,6.0,8.0,7.0,,,Accept
J3s8i8OfZZX,7.0,6.0,5.0,5.0,,,Accept
Jb-d9fZX14,6.0,5.0,7.0,6.0,,,Accept
F0DowhX7_x,7.0,6.0,7.0,,,,Accept
Tq2XqINV1Jz,7.0,7.0,7.0,,,,Accept
6LBfSduVg0N,7.0,7.0,7.0,,,,Accept
gthKzdymDu2,7.0,7.0,5.0,7.0,,,Accept
KCN0ZRqxcDm,5.0,8.0,7.0,9.0,,,Accept
SGQeKZ126y-,7.0,5.0,6.0,,,,Accept
Nlsr4DepNt,6.0,6.0,6.0,4.0,,,Accept
458a8dN8L6,5.0,6.0,7.0,6.0,,,Accept
d_m7OKOmPiM,6.0,5.0,6.0,5.0,,,Accept
prQT0gN81oG,5.0,5.0,6.0,,,,Accept
p9zeOtKQXKs,6.0,6.0,6.0,5.0,,,Accept
SPoiDLr3WE7,5.0,7.0,6.0,,,,Accept
2bE4He5a9eQ,6.0,5.0,7.0,,,,Accept
_WQ6XkVP23f,6.0,3.0,6.0,4.0,,,Accept
-uxUxmlr3qT,6.0,3.0,7.0,6.0,,,Accept
f39vsgpEaY5,6.0,6.0,5.0,6.0,,,Accept
jwGa6cEUFRn,6.0,7.0,8.0,8.0,,,Accept
wiGXs_kS_X,4.0,7.0,7.0,7.0,,,Accept
K3efgD7QzVp,6.0,6.0,6.0,,,,Accept
m_JSC3r9td7,6.0,5.0,7.0,6.0,,,Accept
QudXypzItbt,4.0,5.0,5.0,6.0,,,Accept
0ZKyTHwF5V1,7.0,7.0,6.0,3.0,,,Accept
bydKs84JEyw,7.0,6.0,6.0,,,,Accept
IwC_x50fvU,5.0,5.0,6.0,,,,Accept
KpuObEWvvOX,5.0,6.0,6.0,5.0,,,Accept
iy2G-yLGuku,6.0,8.0,7.0,6.0,,,Accept
78aj7sPX4s-,7.0,7.0,7.0,7.0,,,Accept
rQ1cNbi07Vq,7.0,4.0,6.0,8.0,,,Accept
ScwfQ7hdwyP,4.0,6.0,7.0,4.0,7.0,,Accept
e5HTq2VA7mu,5.0,7.0,7.0,,,,Accept
btpIaJiRx6z,5.0,7.0,7.0,6.0,,,Accept
uNYqDfPEDD8,4.0,6.0,8.0,6.0,,,Accept
H1FQgq2QbV1,5.0,6.0,5.0,4.0,,,Accept
8OH6t0YQGPJ,7.0,6.0,6.0,7.0,,,Accept
2uAaGwlP_V,8.0,8.0,7.0,,,,Accept
UBqGF-tW6A2,5.0,5.0,6.0,6.0,,,Accept
1W8UwXAQubL,6.0,7.0,6.0,,,,Accept
ofwkaIWFqqv,6.0,7.0,6.0,,,,Accept
agJEk7FhvKL,6.0,6.0,7.0,4.0,,,Accept
TEmAR013vK,6.0,5.0,6.0,,,,Accept
sMezXGG5So,7.0,7.0,7.0,5.0,,,Accept
uIXyp4Ip9fG,6.0,6.0,6.0,8.0,,,Accept
XQu7UFSbzd2,4.0,6.0,7.0,6.0,,,Accept
pF5aR69c9c,6.0,3.0,5.0,,,,Accept
7WGNT3MHyBm,6.0,5.0,4.0,7.0,,,Accept
U8k0QaBgXS,8.0,6.0,6.0,4.0,,,Accept
VVCI8-PYYv,7.0,8.0,4.0,,,,Accept
LqGA2JMLwBw,3.0,7.0,6.0,,,,Accept
u6MpfQPx9ck,4.0,6.0,6.0,,,,Accept
mT18WLu9J_,6.0,3.0,3.0,7.0,,,Accept
ebCk2FNI1za,5.0,6.0,7.0,5.0,,,Accept
0PfIQs-ttQQ,6.0,5.0,5.0,,,,Accept
7YXXt9lRls,7.0,7.0,5.0,6.0,,,Accept
hgNxCMKARgt,7.0,6.0,6.0,5.0,,,Accept
hT0RbC2jCYZ,5.0,6.0,7.0,7.0,,,Accept
e2TBb5y0yFf,5.0,6.0,6.0,6.0,6.0,,Accept
HwP4XJ04Je1,6.0,5.0,6.0,,,,Accept
KOHC_CYEIuP,6.0,6.0,6.0,,,,Accept
pz2UcXyX0Cj,6.0,6.0,6.0,6.0,,,Accept
yZ_JlZaOCzv,5.0,6.0,5.0,3.0,,,Accept
wmdbwZz65FM,6.0,5.0,5.0,,,,Accept
GiEnzxTnaMN,5.0,6.0,7.0,6.0,,,Accept
KETwimTQexH,6.0,5.0,6.0,,,,Accept
ATiz_CDA66,5.0,6.0,5.0,4.0,,,Accept
dNXg-h6YX9h,7.0,7.0,5.0,,,,Accept
pm8Y8unXkkJ,7.0,8.0,7.0,4.0,,,Accept
PW1VAoxeOU,6.0,7.0,6.0,5.0,,,Accept
XdMusblCkB,4.0,8.0,4.0,4.0,,,Accept
mn1MWh0iDCA,5.0,7.0,6.0,,,,Accept
-H6kKm4DVo,4.0,6.0,6.0,,,,Accept
XIDSEPE68yO,6.0,6.0,6.0,,,,Accept
sj9l1JCrAk6,4.0,5.0,5.0,6.0,,,Accept
215KQFiU65l,5.0,6.0,7.0,,,,Accept
ldl2V3vLZ5,6.0,5.0,6.0,,,,Accept
kHNKDNLVp1E,4.0,7.0,5.0,6.0,,,Accept
o8H6h13Avjy,7.0,7.0,5.0,5.0,,,Accept
vbPsD-BhOZ,6.0,6.0,9.0,7.0,,,Accept
-OfK_B9Q5hI,7.0,6.0,7.0,,,,Accept
NpeHeIkbfYU,6.0,4.0,3.0,4.0,,,Accept
VT0Y4PlV2m0,7.0,5.0,6.0,5.0,,,Accept
J5e13zmpj-Z,5.0,8.0,6.0,6.0,,,Accept
7yHte3tH8Xh,5.0,5.0,7.0,7.0,,,Accept
6niwHlzh10U,7.0,6.0,7.0,,,,Accept
L6aVjBmtVE,7.0,7.0,5.0,7.0,,,Accept
tNXumks8yHv,6.0,5.0,4.0,8.0,,,Accept
L0U7TUWRt_X,8.0,3.0,5.0,5.0,8.0,,Accept
wuunqp9KVw,6.0,6.0,6.0,6.0,,,Accept
xLnfzQYSIue,7.0,4.0,7.0,6.0,,,Accept
ZlCpRiZN7n,6.0,6.0,7.0,6.0,,,Accept
flBYpZkW6ST,6.0,5.0,,,,,Accept
dFs4d0kqs2,6.0,7.0,7.0,,,,Accept
nE6vnoHz9--,5.0,6.0,7.0,6.0,,,Accept
swIARHfCaUB,7.0,6.0,6.0,4.0,,,Accept
WrZZcwxMNhT,6.0,8.0,8.0,8.0,,,Accept
ohk8bILFDkk,4.0,6.0,7.0,,,,Accept
pELM0QgWIjn,8.0,6.0,6.0,6.0,,,Accept
i3k6WjDXECC,6.0,6.0,5.0,6.0,,,Accept
XEoih0EwCwL,4.0,5.0,6.0,6.0,,,Accept
BbaSRgUHW3,4.0,5.0,6.0,,,,Accept
lCGDKJGHoUv,5.0,4.0,7.0,7.0,,,Accept
ywxtmG1nU_6,6.0,7.0,7.0,,,,Accept
GXOC0zL0ZI,7.0,6.0,7.0,8.0,8.0,,Accept
W23_S057z94,6.0,7.0,6.0,,,,Accept
ATfARCRmM-a,7.0,6.0,6.0,,,,Accept
CgkjJaKBvkX,6.0,6.0,7.0,3.0,,,Accept
_7bphw9JosH,7.0,6.0,7.0,6.0,,,Accept
yfrDD_rmD5,6.0,5.0,8.0,,,,Accept
0vJH6C_h4-,5.0,6.0,6.0,,,,Accept
PeJO709WUup,5.0,7.0,5.0,,,,Accept
Magl9CSHB87,5.0,5.0,8.0,5.0,,,Accept
wlqb_RfSrKh,7.0,6.0,7.0,6.0,,,Accept
9h3KsOVXhLZ,7.0,6.0,4.0,9.0,,,Accept
T2DBbSh6_uY,7.0,5.0,7.0,5.0,,,Accept
-zlJOVc580,5.0,6.0,7.0,5.0,,,Accept
ocg4JWjYZ96,5.0,6.0,6.0,,,,Accept
sYDX_OxNNjh,4.0,5.0,7.0,,,,Accept
jxPJ4QA0KAb,8.0,6.0,6.0,,,,Accept
XDZhagjfMP,7.0,6.0,7.0,6.0,,,Accept
74fJwNrBlPI,4.0,6.0,7.0,,,,Accept
LYXTPNWJLr,5.0,6.0,6.0,,,,Accept
0Kv7cLhuhQT,5.0,6.0,5.0,7.0,,,Accept
-KPNRZ8i0ag,7.0,8.0,5.0,5.0,,,Accept
m97Cdr9IOZJ,7.0,5.0,7.0,,,,Accept
stAKQ6vnFti,3.0,8.0,4.0,7.0,,,Accept
0VFQhPGF1M3,7.0,7.0,6.0,,,,Accept
cNrglG_OAeu,5.0,7.0,6.0,,,,Accept
Vi-sZWNA_Ue,5.0,6.0,6.0,6.0,,,Accept
eRBVi61Vct1,8.0,8.0,6.0,8.0,,,Accept
I4aSjFR7jOm,5.0,7.0,6.0,6.0,,,Accept
3AxaYRmJ2KY,3.0,6.0,8.0,3.0,,,Accept
AhccnBXSne,5.0,7.0,6.0,,,,Accept
NySDKS9SxN,5.0,2.0,7.0,,,,Accept
zVglD2W0EAS,6.0,6.0,7.0,5.0,,,Accept
NmUWaaFEDdn,7.0,4.0,6.0,6.0,,,Accept
157Usp_kbi,5.0,7.0,7.0,5.0,,,Accept
bF4eYy3LTR9,5.0,8.0,4.0,,,,Accept
3AV_53iRfTi,8.0,6.0,5.0,5.0,,,Accept
eCUeRHHupF,6.0,7.0,6.0,5.0,,,Accept
ez6VHWvuXEx,7.0,7.0,5.0,,,,Accept
rxrLt7rTlAr,4.0,6.0,4.0,,,,Accept
L_1GMG_7UTL,7.0,7.0,7.0,6.0,4.0,,Accept
3e3IQMLDSLP,6.0,6.0,7.0,,,,Accept
ZFjPtJsQPOv,6.0,5.0,6.0,,,,Accept
RIArO3o_74Z,7.0,6.0,5.0,,,,Accept
8SY8ete3zu,6.0,6.0,7.0,6.0,,,Accept
2gZccSOY04p,6.0,5.0,9.0,,,,Accept
-eHlU74N9E,3.0,6.0,7.0,,,,Accept
uvE-fQHA4t_,6.0,6.0,6.0,6.0,,,Accept
kvtVrzQPvgb,6.0,4.0,6.0,,,,Accept
dNyCj1AbOb,7.0,6.0,7.0,,,,Accept
Ql75oqz1npy,6.0,6.0,7.0,4.0,,,Accept
lCGYC7pXWNQ,5.0,7.0,6.0,6.0,,,Accept
ecNbEOOtqBU,8.0,6.0,6.0,6.0,,,Accept
zfQrX05HzBO,6.0,6.0,5.0,,,,Accept
LvyJX20Rll,6.0,7.0,5.0,4.0,,,Accept
37Rf7BTAtAM,4.0,6.0,8.0,,,,Accept
LGDfv0U7MJR,6.0,6.0,3.0,7.0,,,Accept
L7n7BPTVAr3,6.0,4.0,7.0,4.0,,,Accept
2ZNPedOfwB,6.0,8.0,7.0,,,,Accept
ECQ-O1q0saD,8.0,7.0,5.0,,,,Accept
WuJfPCoj7pT,6.0,7.0,7.0,7.0,7.0,,Accept
hgAuik7LoTh,6.0,6.0,5.0,,,,Accept
T1dhAPdS--,6.0,7.0,5.0,,,,Accept
25XwID3wKsi,7.0,8.0,6.0,7.0,,,Accept
xILbvAsHEV,7.0,7.0,8.0,,,,Accept
DI3hGYPwfT,7.0,6.0,7.0,6.0,,,Accept
0um6VfuBfr,6.0,6.0,6.0,7.0,,,Accept
SY-TRGQmrG,6.0,6.0,7.0,,,,Accept
1Xb3eVZdWp7,6.0,6.0,8.0,6.0,,,Accept
R3JMyR4MvoU,6.0,8.0,7.0,6.0,,,Accept
w1CF57sLstO,4.0,7.0,7.0,,,,Accept
jftNpltMgz,6.0,7.0,5.0,,,,Accept
EwLChH1fJJK,6.0,8.0,4.0,5.0,6.0,4.0,Accept
PrkarCHiUsg,6.0,5.0,7.0,,,,Accept
nyBJcnhjAoy,8.0,8.0,2.0,,,,Accept
f-fVCElZ-G1,6.0,4.0,7.0,7.0,,,Accept
rDT-n9xysO,6.0,5.0,5.0,6.0,,,Accept
Q5kXC6hCr1,4.0,7.0,7.0,,,,Accept
msBC-W9Elaa,8.0,7.0,3.0,7.0,8.0,,Accept
iFJJevyrIEf,4.0,7.0,4.0,7.0,,,Accept
zXE8iFOZKw,6.0,6.0,4.0,,,,Accept
xTYL1J6Xt-z,6.0,7.0,7.0,7.0,,,Accept
8SilFGuXgmk,4.0,6.0,5.0,7.0,6.0,5.0,Accept
tWBMPooTayE,7.0,4.0,5.0,,,,Accept
C7jm6YgJaT,6.0,7.0,4.0,5.0,,,Accept
Fx7oXUVEPW,5.0,6.0,6.0,,,,Accept
bg7d_2jWv6,5.0,5.0,7.0,7.0,,,Accept
OMZG4vsKmm7,6.0,7.0,6.0,5.0,,,Accept
krV1UM7Uw1,7.0,6.0,5.0,,,,Accept
_WHs1ruFKTD,5.0,5.0,6.0,,,,Accept
z9cpLkoSNNh,6.0,5.0,6.0,6.0,,,Accept
azBVn74t_2,6.0,5.0,6.0,,,,Accept
mE1QoOe5juz,7.0,5.0,7.0,6.0,,,Accept
dmCyoqxEwHf,7.0,5.0,6.0,,,,Accept
fHUBa3gQno,7.0,4.0,5.0,6.0,,,Accept
hSxK-4KGLbI,7.0,5.0,9.0,,,,Accept
FQtku8rkp3,6.0,3.0,7.0,,,,Accept
2yvUYc-YNUH,7.0,7.0,8.0,7.0,,,Accept
MSBDFwGYwwt,7.0,5.0,5.0,,,,Accept
h1IHI5sV4UQ,7.0,8.0,5.0,7.0,,,Accept
R7qthqYx3V1,8.0,6.0,6.0,7.0,,,Accept
ITqTRTJ-nAg,7.0,7.0,5.0,,,,Accept
Lvlxq_H96lI,6.0,6.0,5.0,,,,Accept
Sw_zDFDTr4,6.0,7.0,6.0,4.0,,,Accept
F8UV5CItyRG,5.0,8.0,7.0,8.0,,,Accept
WHFgQLRdKf9,7.0,6.0,7.0,,,,Accept
hd5KRowT3oB,5.0,7.0,7.0,5.0,,,Accept
hMGSz9PNQes,7.0,7.0,6.0,6.0,,,Accept
iAktFMVfeff,5.0,5.0,8.0,,,,Accept
0SVOleKNRAU,6.0,6.0,7.0,6.0,,,Accept
9u05zr0nhx,5.0,6.0,6.0,5.0,,,Accept
VdQWVdT_8v,5.0,5.0,8.0,8.0,,,Accept
9YQPaqVZKP,7.0,6.0,6.0,,,,Accept
nQcc_muJyFB,5.0,5.0,5.0,6.0,5.0,,Accept
XxmOKCt8dO9,6.0,7.0,8.0,,,,Accept
0GRBKLBjJE,6.0,7.0,6.0,6.0,,,Accept
yI7i9yc3Upr,7.0,7.0,7.0,,,,Accept
C7cv9fh8m-b,7.0,6.0,6.0,5.0,,,Accept
EENzpzcs4Vy,7.0,5.0,6.0,,,,Accept
4u-oGqB4Lf6,3.0,8.0,7.0,6.0,,,Accept
J-IZQLQZdYu,7.0,6.0,6.0,7.0,,,Accept
ZL-XYsDqfQz,6.0,5.0,5.0,6.0,,,Accept
WSAWRKVjr5K,4.0,4.0,6.0,6.0,,,Accept
I4XNmBm2h-E,7.0,6.0,5.0,7.0,,,Accept
Zvh6lF5b26N,5.0,6.0,6.0,,,,Accept
H_xAgRM7I5N,6.0,4.0,7.0,,,,Accept
-ZPeUAJlkEu,7.0,7.0,6.0,,,,Accept
-N-OYK2cY7,7.0,6.0,7.0,,,,Accept
RjS0j6tsSrf,7.0,6.0,7.0,,,,Accept
AQd4ugzALQ1,6.0,4.0,6.0,,,,Accept
pDUYkwrx__w,6.0,7.0,6.0,7.0,,,Accept
uloenYmLCAo,7.0,5.0,6.0,,,,Accept
AOSIbSmQJr,7.0,8.0,7.0,6.0,,,Accept
rZalM6vZ2J,7.0,7.0,7.0,7.0,,,Accept
a3ooPbW0Jzh,7.0,7.0,6.0,5.0,,,Accept
SbHxPRHPc2u,8.0,9.0,7.0,6.0,,,Accept
qZUHvvtbzy,6.0,4.0,5.0,7.0,,,Accept
HjwK-Tc_Bc,6.0,7.0,6.0,6.0,7.0,,Accept
rBCvMG-JsPd,7.0,6.0,7.0,5.0,,,Accept
3LMI8CHDb0g,6.0,8.0,7.0,,,,Accept
RNZ8JOmNaV4,7.0,5.0,3.0,6.0,,,Accept
aXf9V5Labm,6.0,7.0,6.0,5.0,,,Accept
qfC1uDXfDJo,5.0,7.0,6.0,5.0,,,Accept
4lw1XqPvLzT,7.0,4.0,8.0,6.0,,,Accept
G4VOQPYxBsI,7.0,5.0,6.0,,,,Accept
Epk1RQUpOj0,5.0,8.0,9.0,,,,Accept
dpYhDYjl4O,8.0,6.0,7.0,7.0,,,Accept
B3TOg-YCtzo,6.0,7.0,5.0,7.0,,,Accept
qHs3qeaQjgl,6.0,6.0,6.0,,,,Accept
Dqcoao24G8s,5.0,7.0,7.0,,,,Accept
45p8yDYVr5,6.0,5.0,7.0,8.0,,,Accept
c39zYHHgQmy,7.0,6.0,7.0,,,,Accept
FWMQYjFso-a,7.0,7.0,7.0,,,,Accept
TJUNtiZiTKE,6.0,6.0,7.0,,,,Accept
fKXiO9sLubb,6.0,5.0,7.0,6.0,,,Accept
mowt1WNhTC7,6.0,6.0,5.0,,,,Accept
PzI4ow094E,8.0,8.0,6.0,7.0,,,Accept
QedyATtQ1H,6.0,6.0,6.0,8.0,,,Accept
cZ41U927n8m,8.0,6.0,6.0,6.0,,,Accept
303XqIQ5c_d,5.0,6.0,5.0,6.0,,,Accept
KblXjniQCHY,6.0,4.0,4.0,6.0,,,Accept
zUbMHIxszNp,4.0,6.0,6.0,6.0,,,Accept
grzlF-EOxPA,7.0,4.0,6.0,,,,Accept
fDDTJakJKR7,6.0,6.0,8.0,8.0,,,Accept
Sxk8Bse3RKO,7.0,8.0,6.0,5.0,,,Accept
36Yz37cEN_Q,7.0,7.0,8.0,,,,Accept
NdpUjzwsHp,3.0,6.0,4.0,,,,Accept
48Js-sP8wnv,5.0,8.0,6.0,6.0,,,Accept
s_PJMEGIUfa,7.0,6.0,7.0,5.0,,,Accept
aqLugNVQqRw,4.0,7.0,6.0,,,,Accept
p4xLHcTLRwh,7.0,3.0,7.0,6.0,,,Accept
huT1G2dtSr,6.0,6.0,2.0,6.0,,,Accept
q2nJyb3cvR9,7.0,4.0,8.0,6.0,,,Accept
Kf8sfv0RckB,6.0,5.0,7.0,6.0,,,Accept
gnc2VJHXmsG,6.0,4.0,7.0,,,,Accept
3LBxVcnsEkV,6.0,6.0,6.0,,,,Accept
cLx3kbl2AI,6.0,7.0,5.0,7.0,,,Accept
SPiQQu2NmO9,8.0,6.0,6.0,5.0,,,Accept
eUAw7dwaOg8,6.0,6.0,4.0,7.0,,,Accept
pGLFkjgVvVe,7.0,6.0,6.0,,,,Accept
cJ006qBE8Uv,6.0,6.0,7.0,7.0,,,Accept
a3W4_OUIRgD,7.0,4.0,7.0,,,,Accept
N7-EIciq3R,6.0,6.0,6.0,6.0,,,Accept
iqCO3jbPjYF,7.0,6.0,7.0,,,,Accept
uRSvcqwOm0,5.0,5.0,5.0,5.0,,,Accept
LYfFj-Vk6lt,8.0,6.0,7.0,8.0,,,Accept
hHrO6-IfskR,5.0,6.0,7.0,,,,Accept
GiUpEVQmNx8,7.0,6.0,5.0,,,,Accept
wJwHTgIoE0P,3.0,5.0,6.0,,,,Accept
wk5zDkuSHq,6.0,7.0,5.0,7.0,,,Accept
x56v-UN7BjD,7.0,6.0,5.0,,,,Accept
lzZstLVGVGW,3.0,6.0,6.0,6.0,,,Accept
igMc_C9pgYG,6.0,6.0,4.0,5.0,5.0,6.0,Accept
tTWCQrgjuM,3.0,5.0,7.0,,,,Accept
Ls0yzIkEk1,5.0,6.0,6.0,,,,Accept
4OHRr7gmhd4,6.0,6.0,5.0,6.0,,,Accept
g-I_qqceH2n,6.0,4.0,7.0,7.0,,,Accept
UQJoGBNRX4,7.0,6.0,5.0,5.0,,,Accept
RnjDFZmGqli,7.0,8.0,7.0,,,,Accept
OVb3ZY0fzMk,5.0,4.0,6.0,5.0,,,Accept
v2es9YoukWO,6.0,4.0,9.0,6.0,,,Accept
6at6rB3IZm,6.0,7.0,7.0,,,,Accept
ZxOO5jfqSYw,4.0,6.0,5.0,,,,Accept
VdUeCoF-0tS,7.0,8.0,6.0,4.0,7.0,,Accept
QoHSzxp7tSN,3.0,6.0,7.0,,,,Accept
STQOCn4NqBd,6.0,7.0,5.0,6.0,,,Accept
ahAEhOtVif,4.0,7.0,5.0,7.0,,,Accept
zb-xfApk4ZK,6.0,6.0,8.0,,,,Accept
vsShetzoRG9,7.0,5.0,4.0,6.0,,,Accept
0Z0xltoU1q,6.0,6.0,7.0,7.0,,,Accept
67NpH8-_h94,6.0,7.0,6.0,7.0,,,Accept
fLOU5jXlJZV,4.0,4.0,8.0,,,,Accept
ypXcTtbBsnZ,5.0,5.0,6.0,6.0,,,Accept
ySB7IbdseGC,6.0,6.0,6.0,,,,Accept
LYcuTyW6Vu,5.0,6.0,6.0,5.0,,,Accept
F0wPem89q9y,6.0,6.0,7.0,,,,Accept
SQbrWcMOcPR,6.0,6.0,7.0,,,,Accept
McjGUq1H-mm,6.0,4.0,7.0,6.0,,,Accept
LKEYuYNOqx,10.0,6.0,6.0,7.0,,,Accept
zJNqte0b-xn,5.0,7.0,6.0,7.0,6.0,,Accept
zrAUoI2JA2,7.0,3.0,7.0,5.0,,,Accept
ODkBI1d3phW,6.0,6.0,5.0,7.0,,,Accept
MRpRKU8haea,8.0,8.0,6.0,7.0,,,Accept
92leLHqlcvv,6.0,6.0,5.0,,,,Accept
1-F7HbLInPy,5.0,6.0,7.0,4.0,,,Accept
Q7kdFAVPdu,5.0,8.0,6.0,5.0,,,Accept
LfHwpvDPGpx,5.0,5.0,5.0,4.0,,,Accept
sL7XH6-V21e,8.0,5.0,7.0,,,,Accept
-yiZR4_Xhh,6.0,7.0,5.0,5.0,,,Accept
oNnv9XjClGK,7.0,4.0,7.0,8.0,,,Accept
ijzm0EhAY_w,4.0,6.0,6.0,6.0,,,Accept
pFqgUJxXXz,6.0,6.0,5.0,5.0,,,Accept
DhHqObn2UW,6.0,6.0,6.0,,,,Accept
Hbvlb4D1aFC,7.0,6.0,6.0,7.0,,,Accept
uRTW_PgXvc7,6.0,5.0,5.0,7.0,,,Accept
X6bp8ri8dV,5.0,7.0,5.0,7.0,,,Accept
TVpZaWNczF6,7.0,6.0,4.0,,,,Accept
1fKJLRTUdo,5.0,7.0,3.0,7.0,,,Accept
NjKAm5wMbo2,3.0,6.0,6.0,4.0,,,Accept
_B5Y2hvZKpS,4.0,6.0,6.0,6.0,,,Accept
IXoHxXIGpyV,6.0,6.0,6.0,7.0,,,Accept
i-8uqlurj1f,6.0,6.0,7.0,6.0,,,Accept
Tsy9WCO_fK1,5.0,5.0,7.0,6.0,5.0,,Accept
QnajmHkhegH,5.0,6.0,5.0,6.0,,,Accept
ZV9WAe-Q0J,5.0,5.0,9.0,5.0,,,Accept
xL7B5axplIe,5.0,7.0,7.0,5.0,,,Accept
OlDEMIbCvTl,5.0,7.0,7.0,,,,Accept
nE8_DvxAqAB,6.0,4.0,6.0,5.0,,,Accept
2fD1Ux9InIW,6.0,6.0,7.0,,,,Accept
Z5SE9PiAO4t,6.0,7.0,6.0,,,,Accept
-AxpnEv1f1,5.0,5.0,7.0,5.0,,,Accept
xZmjH3Pm2BK,7.0,6.0,7.0,,,,Accept
fBU4qsM6Fkf,5.0,5.0,6.0,5.0,,,Accept
QRp6viwPRaX,3.0,6.0,6.0,6.0,,,Accept
7k_J2kkIy3U,6.0,7.0,7.0,,,,Accept
5VHK0q6Oo4M,7.0,6.0,7.0,8.0,,,Accept
rQAJmrLmGC6,4.0,6.0,6.0,6.0,,,Accept
rTTh1RIn6E,6.0,6.0,6.0,5.0,,,Accept
oDRQGo8I7P,9.0,7.0,7.0,7.0,,,Accept
-Qp-3L-5ZdI,6.0,7.0,7.0,,,,Accept
Sxf5k90HnvM,6.0,7.0,5.0,,,,Accept
-Xdts90bWZ3,4.0,6.0,7.0,,,,Accept
apC354ZsGwK,3.0,6.0,8.0,,,,Accept
x-i37an3uym,8.0,6.0,5.0,5.0,,,Accept
Av8b0vxN7MX,6.0,7.0,7.0,4.0,,,Accept
XFCirHGr4Cs,7.0,6.0,7.0,,,,Accept
x3JsaghSj0v,5.0,4.0,6.0,7.0,,,Accept
5MgZAu2NR7X,6.0,6.0,6.0,4.0,,,Accept
fyIjM5CEdYW,3.0,6.0,6.0,,,,Accept
skgJy0CjAO,5.0,7.0,6.0,5.0,,,Accept
byMcacS8GYZ,6.0,6.0,4.0,,,,Accept
W-_4hgRkwb,6.0,6.0,7.0,6.0,,,Accept
GFiqdZOm-Ei,4.0,7.0,7.0,4.0,,,Accept
I0CiI7Oyp1E,6.0,6.0,6.0,,,,Accept
2tfv0K8Vbtf,4.0,6.0,7.0,5.0,,,Accept
w_jvWzNXd6n,6.0,6.0,6.0,,,,Accept
C6Iin6nXJy,5.0,6.0,8.0,6.0,6.0,,Accept
X8mmH03wFlD,6.0,6.0,5.0,,,,Accept
W-xJXrDB8ik,7.0,7.0,8.0,6.0,,,Accept
um2BxfgkT2_,5.0,7.0,6.0,6.0,,,Accept
Lr2Z85cdvB,5.0,6.0,6.0,8.0,,,Accept
FRDiimH26Tr,5.0,5.0,6.0,,,,Accept
4rTN0MmOvi7,6.0,6.0,6.0,6.0,,,Accept
Wo1HF2wWNZb,7.0,7.0,8.0,,,,Accept
nRcyGtY2kBC,7.0,6.0,6.0,,,,Accept
HH_jBD2ObPq,6.0,6.0,5.0,5.0,,,Accept
xWvI9z37Xd,6.0,6.0,8.0,7.0,,,Accept
DmT862YAieY,7.0,7.0,7.0,7.0,,,Accept
XYDXL9_2P4,7.0,6.0,4.0,5.0,,,Accept
4F7vp67j79I,5.0,7.0,5.0,,,,Accept
yoLGaLPEPo_,8.0,4.0,5.0,7.0,,,Accept
c4o5oHg32CY,7.0,7.0,5.0,6.0,,,Accept
Jw34v_84m2b,6.0,5.0,6.0,6.0,,,Accept
_iXQPM6AsQD,6.0,4.0,5.0,,,,Accept
IlYS1pLa9y,6.0,7.0,6.0,,,,Accept
dIUQ5haSOI,6.0,7.0,4.0,5.0,,,Accept
hyc27bDixNR,6.0,6.0,5.0,,,,Accept
Setj8nJ-YB8,7.0,6.0,7.0,6.0,,,Accept
JRAlT8ZstmH,7.0,6.0,5.0,,,,Accept
sexfswCc7B,6.0,7.0,6.0,,,,Accept
Y6A4-R_Hgsw,6.0,5.0,7.0,,,,Accept
DTD9BRDWtkn,7.0,6.0,7.0,7.0,,,Accept
UwzrP-B38jK,7.0,6.0,7.0,8.0,5.0,,Accept
8N1NDRGQSQ,8.0,3.0,5.0,,,,Accept
02YXg0OZdG,6.0,7.0,5.0,6.0,,,Accept
vphSm8QmLFm,5.0,7.0,7.0,,,,Accept
L0OKHqYe_FU,7.0,6.0,3.0,6.0,,,Accept
i0FnLiIRj6U,3.0,6.0,4.0,,,,Accept
4btNeXKFAQ,7.0,7.0,7.0,7.0,,,Accept
ZCGDqdK0zG,4.0,7.0,6.0,6.0,,,Accept
5Fg3XoHjQ4r,7.0,5.0,6.0,5.0,,,Accept
A6AFK_JwrIW,6.0,6.0,6.0,,,,Accept
OcNoF7qA4t,7.0,7.0,7.0,7.0,,,Accept
0xbhGxgzd1t,6.0,6.0,6.0,,,,Accept
9TsP2Gg0CM,6.0,3.0,7.0,,,,Accept
hqtSdpAK39W,4.0,6.0,6.0,8.0,,,Accept
Qy1D9JyMBg0,8.0,6.0,7.0,,,,Accept
mkEPog9HiV,6.0,6.0,6.0,5.0,,,Accept
sQiEJLPt1Qh,6.0,7.0,6.0,,,,Accept
hTxYJAKY85,6.0,5.0,5.0,4.0,,,Accept
JpxsSAecqq,5.0,6.0,6.0,,,,Accept
2dxsDFaESK,6.0,8.0,6.0,4.0,,,Accept
O4Q39aQFz0Y,3.0,4.0,7.0,7.0,,,Accept
r-6Z1SJbCpv,4.0,7.0,7.0,6.0,,,Accept
H3o9a6l0wz,4.0,6.0,6.0,,,,Accept
xdZs1kf-va,8.0,5.0,6.0,,,,Accept
awdyRVnfQKX,6.0,6.0,7.0,,,,Accept
XA4ru9mfxTP,6.0,6.0,4.0,,,,Accept
FzdmrTUyZ4g,6.0,7.0,2.0,6.0,,,Accept
E3LgJdPEkP,6.0,6.0,6.0,6.0,,,Accept
_vfyuJaXFug,6.0,8.0,7.0,7.0,,,Accept
RO0wSr3R7y-,4.0,7.0,5.0,7.0,,,Accept
N0tKCpMhA2,7.0,6.0,7.0,,,,Accept
5pvB6IH_9UZ,5.0,5.0,5.0,6.0,,,Accept
xK6wRfL2mv7,7.0,3.0,6.0,4.0,,,Accept
m8YYs8nJF3T,7.0,6.0,6.0,5.0,,,Accept
Iksst2czYoB,6.0,6.0,7.0,,,,Accept
wjSHd5nDeo,6.0,7.0,6.0,,,,Accept
pZsAwqUgnAs,4.0,5.0,6.0,5.0,,,Accept
OtxyysUdBE,8.0,5.0,8.0,4.0,,,Accept
ZVuzllOOHS,6.0,7.0,8.0,7.0,,,Accept
tHK5ntjp-5K,5.0,7.0,5.0,7.0,,,Accept
crFMP5irwzn,5.0,6.0,7.0,5.0,,,Accept
P_eBjUlzlV,6.0,7.0,6.0,,,,Accept
caH1x1ZBLDR,5.0,7.0,8.0,7.0,,,Accept
OmLNqwnZwmY,4.0,6.0,6.0,6.0,,,Accept
Yay6tHq1Nw,6.0,4.0,4.0,6.0,,,Accept
8UUtKmSRkXE,6.0,5.0,7.0,7.0,,,Accept
bdnZ_1qHLCW,7.0,7.0,7.0,4.0,,,Accept
u4KagP_FjB,5.0,8.0,6.0,6.0,,,Accept
GzESlaXaN04,7.0,8.0,7.0,,,,Accept
Q9lm8w6JpXi,6.0,7.0,6.0,,,,Accept
YZ-N-sejjwO,7.0,6.0,6.0,,,,Accept
A0ejsEHQu9w,7.0,6.0,7.0,,,,Accept
ZqgFbZEb8bW,6.0,6.0,6.0,6.0,,,Accept
vQzDYi4dPwM,7.0,7.0,4.0,,,,Accept
SHMi1b7sjXk,8.0,6.0,6.0,6.0,,,Accept
o4uFFg9_TpV,7.0,6.0,6.0,7.0,,,Accept
sBrS3M5lT2w,6.0,5.0,7.0,5.0,5.0,,Accept
qj-_HnxQxB,3.0,6.0,6.0,5.0,,,Accept
n0dD3d54Wgf,4.0,5.0,7.0,6.0,,,Accept
u3vEuRr08MT,6.0,7.0,7.0,8.0,,,Accept
Q38D6xxrKHe,7.0,7.0,8.0,,,,Accept
HQDvPsdXS-F,4.0,7.0,8.0,7.0,,,Accept
S2Awu3Zn04v,6.0,7.0,4.0,,,,Accept
gQBetxnU4Lk,6.0,6.0,6.0,,,,Accept
IJNDyqdRF0m,7.0,5.0,6.0,7.0,,,Accept
AXDNM76T1nc,8.0,9.0,9.0,6.0,,,Accept
se2oxj-6Nz,5.0,4.0,8.0,,,,Accept
Oq2bdIQQOIZ,7.0,4.0,3.0,6.0,,,Accept
Tocn9vYMU-o,7.0,7.0,7.0,5.0,,,Accept
KnCS9390Va,6.0,6.0,6.0,6.0,,,Accept
wsnMW0c_Au,5.0,6.0,5.0,,,,Accept
ePZsWeGJXyp,4.0,5.0,7.0,,,,Accept
C0VKVmhlKgb,7.0,4.0,6.0,,,,Accept
hX5Ia-ION8Y,5.0,6.0,6.0,,,,Accept
IFXTZERXdM7,9.0,7.0,6.0,2.0,6.0,,Accept
9t24EBSlZOa,8.0,7.0,7.0,7.0,,,Accept
v9Wjc2OWjz,6.0,6.0,6.0,6.0,,,Accept
48TmED6BvGZ,7.0,6.0,6.0,8.0,,,Accept
Bct2f8fRd8S,6.0,4.0,6.0,,,,Accept
-vXEN5rIABY,4.0,8.0,6.0,5.0,,,Accept
4v7PSPp-TAe,6.0,4.0,6.0,7.0,,,Accept
UqA1mcOxiq,7.0,6.0,6.0,,,,Accept
tadPkBL2gHa,5.0,8.0,7.0,6.0,,,Accept
XByg4kotW5,6.0,6.0,6.0,7.0,,,Accept
G2kkDEujOw,6.0,6.0,7.0,7.0,,,Accept
8cC2JeUyz9,7.0,8.0,7.0,7.0,,,Accept
4RC_vI0OgIS,6.0,7.0,6.0,5.0,,,Accept
68YyraaeYmc,6.0,4.0,7.0,6.0,,,Accept
U14PKEu18bK,6.0,5.0,6.0,6.0,,,Accept
sNcn-E3uPHA,4.0,7.0,5.0,7.0,,,Accept
8E8tgnYlmN,5.0,5.0,2.0,,,,Accept
t3X5yMI_4G2,7.0,7.0,6.0,8.0,,,Accept
fcMd-tuWwiO,5.0,6.0,6.0,,,,Accept
RP1CtZhEmR,7.0,7.0,5.0,4.0,,,Accept
dT0eNsO2YLu,7.0,5.0,6.0,,,,Accept
1wVBLK1Xuc,5.0,6.0,6.0,5.0,,,Accept
5yAmUvdXAve,6.0,5.0,6.0,6.0,,,Accept
toleacrf7Hv,6.0,6.0,7.0,5.0,,,Accept
6yuil2_tn9a,5.0,7.0,8.0,,,,Accept
1xqE9fRZch5,7.0,7.0,7.0,,,,Accept
o8vYKDWMnq1,7.0,6.0,6.0,,,,Accept
177GzUAds8U,7.0,7.0,6.0,7.0,,,Accept
ZwnPdpCw6d,6.0,5.0,5.0,,,,Accept
PCZfDUH8fIn,6.0,6.0,6.0,,,,Accept
oQIJsMlyaW_,6.0,5.0,6.0,,,,Accept
SYdg8tcFgdG,6.0,7.0,7.0,7.0,,,Accept
a3ymtHbL5p5,4.0,7.0,3.0,10.0,,,Accept
3vmKQUctNy,6.0,3.0,6.0,7.0,,,Accept
yts7fLpWY9G,8.0,6.0,6.0,,,,Accept
_N4k45mtnuq,5.0,7.0,7.0,5.0,,,Accept
eF_Mx-3Sm92,4.0,8.0,7.0,7.0,6.0,,Accept
ADfBF9PoTvw,7.0,6.0,6.0,7.0,,,Accept
rG7HZZtIc-,7.0,7.0,5.0,5.0,,,Accept
pbILUUf_hBN,7.0,7.0,6.0,7.0,,,Accept
VpHFHz57fT,8.0,7.0,7.0,,,,Accept
K4W92FUXSF9,6.0,7.0,7.0,3.0,,,Accept
8hs7qlWcnGs,7.0,4.0,9.0,,,,Accept
9cU2iW3bz0,7.0,6.0,7.0,,,,Accept
HuiLIB6EaOk,7.0,7.0,7.0,,,,Accept
YiFQqYAk1xH,5.0,7.0,6.0,6.0,,,Accept
78T4K99jvbE,7.0,6.0,6.0,7.0,,,Accept
pl279jU4GOu,7.0,4.0,7.0,,,,Accept
M_WuaKoaEfQ,7.0,7.0,7.0,,,,Accept
s0AgNH86p8,5.0,5.0,8.0,,,,Accept
lHj-q9BSRjF,4.0,9.0,7.0,8.0,,,Accept
WUMH5xloWn,7.0,7.0,7.0,7.0,,,Accept
QW98XBAqNRa,5.0,7.0,7.0,7.0,,,Accept
M12autRxeeS,6.0,7.0,5.0,6.0,,,Accept
nC8VC8gVGPo,6.0,6.0,8.0,8.0,,,Accept
OxHn1Yz_Kl3,7.0,7.0,9.0,9.0,,,Accept
JO9o3DgV9l2,5.0,8.0,8.0,,,,Accept
ONB4RdP2GX,6.0,7.0,6.0,6.0,,,Accept
eXggxYNbQi,7.0,3.0,6.0,,,,Accept
U_hOegGGglw,5.0,6.0,6.0,,,,Accept
_2-r5UurHp,8.0,6.0,6.0,6.0,,,Accept
RQ385yD9dqR,6.0,6.0,6.0,,,,Accept
vGQiU5sqUe3,7.0,8.0,7.0,,,,Accept
fSfcEYQP_qc,7.0,7.0,4.0,8.0,,,Accept
USoYIT4IQz,7.0,7.0,7.0,7.0,,,Accept
Ya9lATuQ3gg,7.0,5.0,6.0,4.0,,,Accept
88_wNI6ZBDZ,5.0,6.0,7.0,4.0,,,Accept
bk8vkdQfBS,5.0,6.0,5.0,9.0,,,Accept
t0VbBTw-o8,7.0,6.0,8.0,6.0,,,Accept
djOANbV2zSu,6.0,5.0,6.0,5.0,,,Accept
WOuGTb9QswS,5.0,7.0,6.0,,,,Accept
gd7ZI0X7Q-h,8.0,5.0,6.0,,,,Accept
Y0Bm5tL92lg,7.0,7.0,5.0,7.0,,,Accept
hYx-xr1wdo,4.0,6.0,5.0,5.0,8.0,,Accept
K-A4tDJ6HHf,6.0,7.0,7.0,,,,Accept
AYQI3rlp9tW,6.0,6.0,6.0,5.0,,,Accept
S8-duMv77W3,7.0,7.0,6.0,,,,Accept
aJ5xc1QB7EX,6.0,7.0,7.0,5.0,,,Accept
kUnHCGiILeU,3.0,7.0,6.0,,,,Accept
k5uFiFLWv3X,5.0,5.0,5.0,6.0,,,Accept
OoN6TVb4Vkq,6.0,6.0,7.0,,,,Accept
buXZ7nIqiwE,8.0,8.0,8.0,,,,Accept
5vVSA_cdRqe,6.0,6.0,6.0,,,,Accept
U-RsnLYHcKa,6.0,4.0,7.0,6.0,6.0,,Accept
RW-OOBU11xl,5.0,6.0,6.0,6.0,,,Accept
Mn4IkuWamy,6.0,7.0,5.0,,,,Accept
sFQJ0IOkHF,6.0,6.0,6.0,7.0,,,Accept
FNzLe2-ppRO,5.0,6.0,5.0,5.0,,,Accept
_j8yVIyp27Q,5.0,7.0,6.0,,,,Accept
iuW96ssPQX,7.0,7.0,5.0,,,,Accept
0zlLhfG6rxI,6.0,5.0,8.0,,,,Accept
WE92fqi-N_g,6.0,5.0,5.0,6.0,,,Accept
vRwCvlvd8eA,5.0,6.0,7.0,6.0,,,Accept
WSxarC8t-T,5.0,7.0,7.0,,,,Accept
wOI0AUAq9BR,5.0,5.0,7.0,,,,Accept
GkDbQb6qu_r,3.0,6.0,8.0,6.0,,,Accept
nxw9_ny7_H,5.0,4.0,5.0,4.0,,,Accept
7HTEHRMlxYH,5.0,5.0,6.0,,,,Accept
UPnJuDKqOfX,6.0,6.0,6.0,5.0,7.0,,Accept
jzd2bE5MxW,6.0,6.0,6.0,,,,Accept
OxfI-3i5M8g,6.0,6.0,5.0,,,,Accept
bi1BTcXa8Q,5.0,5.0,5.0,5.0,,,Accept
dp0zWsdOV1h,5.0,7.0,7.0,,,,Accept
Z9ldMhplBrT,7.0,4.0,7.0,5.0,5.0,,Accept
ZuSiW0EixjX,6.0,4.0,6.0,8.0,,,Accept
wjClgX-muzB,7.0,7.0,7.0,8.0,,,Accept
rwdpFgfVpvN,6.0,7.0,6.0,6.0,,,Accept
sRKNkpUMQNr,7.0,7.0,4.0,,,,Accept
7vmyjUHgm9_,6.0,6.0,5.0,,,,Accept
c3HrNgQE7d,5.0,5.0,4.0,6.0,,,Accept
8li9SYYY3eQ,7.0,6.0,6.0,6.0,,,Accept
dz79MhQXWvg,7.0,4.0,4.0,7.0,,,Accept
tro0_OqIVde,5.0,5.0,8.0,,,,Accept
I-ggHgon-Az,8.0,5.0,7.0,,,,Accept
p9_Z4m2Vyvr,6.0,6.0,6.0,,,,Accept
INzRLBAA4JX,7.0,6.0,4.0,,,,Accept
vt516zga8m,8.0,6.0,6.0,7.0,,,Accept
SZDqCOv6vTB,6.0,6.0,4.0,6.0,,,Accept
FgDzS8_Fz7c,2.0,7.0,4.0,6.0,,,Accept
k6WzeLZjxuP,6.0,5.0,6.0,6.0,6.0,,Accept
25XIE30VHZE,6.0,4.0,5.0,6.0,,,Accept
Fytzfxj3Bq7,6.0,6.0,6.0,,,,Accept
BbUxkmrstyk,5.0,7.0,7.0,,,,Accept
q16HXpXtjJn,6.0,5.0,7.0,5.0,,,Accept
4-bV1bi74M,4.0,8.0,9.0,,,,Accept
2GsQ8dyfe45,6.0,4.0,9.0,,,,Accept
qtQ9thon9fV,5.0,5.0,7.0,,,,Accept
pfEIGgDstz0,7.0,4.0,4.0,7.0,,,Accept
YgK1wNnoCWy,5.0,5.0,7.0,,,,Accept
L8ESR8IQ7Gb,6.0,5.0,6.0,7.0,,,Accept
rcrY85WLAKU,6.0,5.0,6.0,,,,Accept
jPx7vYUNUCt,7.0,7.0,7.0,5.0,,,Accept
OlGu-BXgJ-,4.0,6.0,7.0,5.0,,,Accept
_4xg5moXVg,5.0,6.0,7.0,8.0,,,Accept
oDWyVsHBzNT,7.0,8.0,7.0,8.0,,,Accept
mNtFhoNRr4i,6.0,6.0,6.0,,,,Accept
YR-s5leIvh,5.0,6.0,6.0,,,,Accept
MHjxpvMzf2x,7.0,6.0,6.0,6.0,6.0,,Accept
y8FN4dHdxOE,7.0,7.0,6.0,,,,Accept
GjWDguPZRmr,6.0,8.0,5.0,,,,Accept
DSEP9rCvZln,4.0,7.0,4.0,,,,Accept
ZidkM5b92G,6.0,6.0,5.0,,,,Accept
JvIFpZOjLF4,5.0,5.0,5.0,6.0,,,Accept
P6uZ7agiyCT,6.0,6.0,7.0,5.0,,,Accept
ByYFpTwgLGO,5.0,7.0,5.0,,,,Accept
E9HNxrCFZPV,7.0,6.0,5.0,6.0,,,Accept
tZUOiVGO6jN,5.0,8.0,5.0,,,,Accept
gE_vt-w4LhL,6.0,6.0,8.0,,,,Accept
fpfDusqKZF,7.0,5.0,5.0,5.0,,,Accept
TwuColwZAVj,7.0,7.0,6.0,,,,Accept
kHeotl7q9dU,5.0,5.0,5.0,7.0,,,Accept
Ijq1_a6DESm,7.0,7.0,6.0,6.0,,,Accept
-o0kPsyzErW,7.0,4.0,5.0,,,,Accept
pqCT3L-BU9T,6.0,6.0,5.0,7.0,,,Accept
xijYyYFlRIf,5.0,5.0,6.0,6.0,,,Accept
dRgHxaOJsiV,4.0,6.0,5.0,6.0,,,Accept
Xg-yZos9qJQ,4.0,7.0,8.0,,,,Accept
h4kN_apci_R,7.0,5.0,5.0,,,,Accept
_L7f0ySKMWY,5.0,6.0,6.0,5.0,,,Accept
AhbTKBlM7X,6.0,4.0,6.0,,,,Accept
agNTJU1QNw,7.0,6.0,6.0,,,,Accept
pBpwRkEIjR3,7.0,7.0,6.0,,,,Accept
Vg_02McCRnY,6.0,6.0,6.0,5.0,7.0,,Accept
3uj_8G7fxgs,8.0,6.0,5.0,,,,Accept
lgNGDjWRTo-,6.0,8.0,5.0,5.0,,,Accept
fp33Nsh0O5,7.0,6.0,6.0,6.0,,,Accept
espX_4CLr46,6.0,7.0,8.0,6.0,,,Accept
QNjyrDBx6tz,7.0,7.0,7.0,,,,Accept
KxVSnZVuZZ,5.0,4.0,4.0,6.0,,,Accept
Jupoos_K4xt,4.0,4.0,8.0,,,,Accept
ylila4AYSpV,4.0,7.0,8.0,6.0,,,Accept
Yb3dRKY170h,6.0,5.0,5.0,,,,Accept
sr0289wAUa,5.0,6.0,6.0,5.0,,,Accept
o4neHaKMlse,6.0,7.0,5.0,,,,Accept
AcHUIG2wA8-,6.0,6.0,5.0,6.0,,,Accept
_bqtjfpj8h,4.0,6.0,8.0,4.0,4.0,,Accept
WV1ZXTH0OIn,7.0,5.0,5.0,9.0,,,Accept
9a1oV7UunyP,6.0,5.0,6.0,5.0,,,Accept
J0nhRuMkdGf,4.0,6.0,6.0,7.0,8.0,,Accept
yfNSUQ3yRo,6.0,4.0,6.0,,,,Accept
G1uywu6vNZe,7.0,6.0,7.0,,,,Accept
fhO6vCGuuag,7.0,7.0,7.0,,,,Accept
jHIn0U9U6RO,7.0,7.0,5.0,,,,Accept
jcIIVkbCaHO,8.0,6.0,7.0,6.0,,,Accept
sc7bBHAmcN,7.0,7.0,7.0,7.0,,,Accept
e3qH65r_eZS,6.0,5.0,5.0,7.0,,,Accept
5L-wxm0YLcZ,6.0,5.0,5.0,6.0,,,Accept
noyKGZYvHH,7.0,7.0,3.0,,,,Accept
kB9jrZDenff,6.0,6.0,6.0,,,,Accept
WESmKHEH5nJ,3.0,7.0,7.0,,,,Accept
CTqjKUAyRBt,7.0,4.0,6.0,6.0,,,Accept
AQgmyyEWg8,6.0,6.0,7.0,,,,Accept
F02H1zNl213,4.0,3.0,7.0,6.0,,,Accept
xONqm0NUJc,5.0,5.0,7.0,7.0,6.0,,Accept
vMQ1V_z0TxU,7.0,6.0,7.0,7.0,,,Accept
o762mMj4XK,6.0,6.0,6.0,6.0,,,Accept
d229wqASHOT,4.0,5.0,7.0,7.0,,,Accept
nX-gReQ0OT,7.0,7.0,7.0,7.0,,,Accept
7hhH95QKKDX,7.0,7.0,7.0,4.0,,,Accept
yW5zeRSFdZ,7.0,7.0,7.0,,,,Accept
aAs8KTbZvc9,6.0,7.0,6.0,7.0,,,Accept
xaWO6bAY0xM,5.0,8.0,8.0,8.0,,,Accept
mMdRZipvld2,7.0,7.0,6.0,,,,Accept
kCU2pUrmMih,6.0,9.0,6.0,6.0,,,Accept
CmD5z_2DVuM,6.0,5.0,7.0,,,,Accept
bBgNsEKUxmJ,6.0,6.0,6.0,6.0,,,Accept
Q-HOv_zn6G,6.0,9.0,6.0,,,,Accept
Z4kZxAjg8Y,7.0,6.0,8.0,6.0,,,Accept
7-bMGPCQCm7,6.0,5.0,6.0,7.0,,,Accept
q-FRENiEP_d,5.0,4.0,7.0,,,,Accept
yQDC5ZcqX6l,4.0,6.0,7.0,,,,Accept
B_LdLljS842,3.0,5.0,7.0,5.0,,,Accept
4MT-e8mn3X,4.0,6.0,5.0,6.0,,,Accept
mSiPuHIP7t8,7.0,6.0,3.0,4.0,6.0,,Accept
AREqvTvv6gG,5.0,7.0,6.0,4.0,,,Accept
9Qjn_3gWLDc,6.0,7.0,7.0,4.0,5.0,,Accept
LdAxczs3m0,6.0,6.0,6.0,6.0,,,Accept
qtZac7A3-F,7.0,6.0,5.0,6.0,,,Accept
8AB7AXaLIX5,7.0,7.0,7.0,,,,Accept
pUPFRSxfACD,6.0,7.0,8.0,8.0,,,Accept
NXHXoYMLIG,6.0,5.0,6.0,,,,Accept
MIhgxhsJMtY,6.0,6.0,6.0,6.0,,,Accept
4qR780g2Mg,6.0,5.0,6.0,7.0,5.0,,Accept
9-SZkJLkCcB,6.0,7.0,6.0,,,,Accept
pkzwYftNcqY,7.0,7.0,6.0,,,,Accept
YPoRoad6gzY,8.0,5.0,5.0,6.0,,,Accept
adFLKRqRu1h,6.0,5.0,7.0,,,,Accept
tYAS1Rpys5,6.0,4.0,7.0,6.0,,,Accept
3r0yLLCo4fF,6.0,5.0,7.0,6.0,,,Accept
cYeYzaP-5AF,8.0,6.0,6.0,,,,Accept
5K3uopkizS,5.0,3.0,5.0,6.0,,,Accept
tmUGnBjchSC,6.0,6.0,6.0,,,,Accept
wZk69kjy9_d,5.0,6.0,6.0,,,,Accept
HFm7AxNa9Wo,7.0,7.0,7.0,7.0,7.0,,Accept
NyAJzgHLAr,6.0,5.0,7.0,,,,Accept
0-uBrFiOVf,6.0,6.0,7.0,5.0,,,Accept
LIKlL1Br9AT,6.0,5.0,7.0,,,,Accept
7CONgGdxsV,6.0,6.0,6.0,,,,Accept
k7FuTOWMOc7,8.0,9.0,8.0,7.0,,,Accept
HEcYYV5MPxa,7.0,7.0,4.0,7.0,,,Accept
vhKaBdOOobB,3.0,6.0,8.0,7.0,,,Accept
-zYfrOl2I6O,4.0,7.0,7.0,,,,Accept
6H00JM-DZjU,6.0,7.0,8.0,4.0,,,Accept
xwBdjfKt7_W,5.0,5.0,6.0,,,,Accept
cFOhdl1cyU-,6.0,4.0,7.0,7.0,,,Accept
NaZwgxp-mT_,6.0,7.0,6.0,5.0,,,Accept
aPXMGv7aeOn,6.0,4.0,6.0,5.0,,,Accept
uxc8hDSs_xh,6.0,6.0,3.0,,,,Accept
R5KjUket6w,5.0,6.0,7.0,,,,Accept
lMMaNf6oxKM,6.0,7.0,5.0,,,,Accept
NjeEfP7e3KZ,6.0,3.0,4.0,6.0,7.0,,Accept
2vYmjZVT29T,5.0,5.0,6.0,,,,Accept
upuYKQiyxa_,6.0,7.0,6.0,7.0,,,Accept
eN2lQxjWL05,3.0,6.0,5.0,8.0,,,Accept
RuNhbvX9o9S,6.0,6.0,5.0,5.0,,,Accept
3-3XMModtrx,8.0,7.0,6.0,6.0,,,Accept
68EuccCtO5i,5.0,5.0,6.0,5.0,,,Accept
wwyiEyK-G5D,5.0,6.0,6.0,,,,Accept
_keb_XuP5oI,6.0,7.0,7.0,,,,Accept
nYrFghNHzz,5.0,6.0,6.0,7.0,,,Accept
sipwrPCrIS,8.0,7.0,7.0,,,,Accept
GFgjnk2Q-ju,6.0,4.0,7.0,7.0,,,Accept
Z6BFQqzwuS4,5.0,5.0,7.0,6.0,,,Accept
kRgOlgFW9aP,6.0,6.0,5.0,7.0,,,Accept
lJHkZbX6Ic1,4.0,6.0,6.0,6.0,,,Accept
ZQcpYaE1z1r,7.0,5.0,8.0,5.0,,,Accept
foNVYPnQbhk,8.0,7.0,6.0,,,,Accept
jQR9YF2-Jhg,5.0,5.0,4.0,,,,Accept
mfxq7BrMfga,5.0,5.0,6.0,5.0,,,Accept
htUvh7xPoa,4.0,8.0,6.0,7.0,,,Accept
9ND8fMUzOAr,5.0,5.0,5.0,5.0,,,Accept
TjVU5Lipt8F,6.0,8.0,5.0,7.0,,,Accept
uOQNvEfjpaC,5.0,4.0,8.0,4.0,,,Accept
hFni381edL,5.0,5.0,5.0,6.0,,,Accept
iQpaHC7cPfR,6.0,6.0,6.0,,,,Accept
HjicdpP-Nth,5.0,6.0,5.0,,,,Accept
g_bqn4ewVG,6.0,6.0,6.0,6.0,,,Accept
pkfpkWU536D,5.0,4.0,5.0,6.0,,,Accept
Bqk9c0wBNrZ,6.0,5.0,5.0,6.0,,,Accept
Yc4MjP2Mnob,8.0,6.0,6.0,,,,Accept
lkrnoLxX1Do,6.0,5.0,5.0,,,,Accept
dO11Niyc225,7.0,6.0,5.0,5.0,,,Accept
_zPG0ShaZTc,6.0,6.0,7.0,,,,Accept
rUc8peDIM45,7.0,6.0,7.0,,,,Accept
VYYf6S67pQc,6.0,7.0,6.0,5.0,,,Accept
kOIaB1hzaLe,6.0,8.0,6.0,,,,Accept
QotmVXC-8T,7.0,7.0,7.0,7.0,,,Accept
IPcgkUgw3t1,4.0,7.0,7.0,6.0,,,Accept
1WZyphXPLwC,5.0,4.0,8.0,6.0,,,Accept
CTqkruS5Bb,5.0,5.0,5.0,4.0,,,Accept
xvLWypz8p8,7.0,7.0,7.0,,,,Accept
NL05_JGVg99,6.0,6.0,5.0,5.0,,,Accept
pcgMNVhRslj,4.0,4.0,6.0,6.0,,,Accept
zzDrPqn57DL,6.0,4.0,5.0,5.0,7.0,,Accept
-V1ITIKPH6,6.0,8.0,5.0,6.0,,,Accept
bZzS_kkJes,5.0,7.0,4.0,6.0,,,Accept
ReB7CCByD6U,6.0,7.0,4.0,4.0,,,Accept
T7114JzrwB,6.0,5.0,5.0,6.0,,,Accept
xvZtgp5wyYT,7.0,5.0,5.0,7.0,,,Accept
JY6fLgR8Yq,5.0,7.0,4.0,4.0,,,Accept
EQgPNPwREa,7.0,4.0,7.0,,,,Accept
4maAiUt0A4,7.0,7.0,7.0,6.0,,,Accept
W4ZlZZwsQmt,6.0,3.0,6.0,6.0,,,Accept
L9YayWPcHA_,6.0,6.0,7.0,7.0,,,Accept
zTQdHSQUQWc,7.0,7.0,5.0,,,,Accept
3MZnNARib5,5.0,6.0,6.0,,,,Accept
6hzH8pohyPY,6.0,7.0,7.0,,,,Accept
H-6iczs__Ro,7.0,5.0,6.0,,,,Accept
wiBEFdAvl8L,6.0,6.0,6.0,,,,Accept
08Yk-n5l2Al,7.0,8.0,5.0,,,,Accept
wKd2XtSRsjl,6.0,6.0,6.0,6.0,7.0,,Accept
8RKJj1YDBJT,6.0,7.0,7.0,7.0,,,Accept
K2PTuvVTF1L,7.0,6.0,8.0,,,,Accept
GCNIm4cKoRx,6.0,7.0,5.0,4.0,,,Accept
Yul402KcD5d,5.0,8.0,7.0,,,,Accept
-3Pg7QNIF1S,6.0,7.0,6.0,6.0,,,Accept
FhWQzNY2UYR,6.0,7.0,7.0,,,,Accept
zGvRdBW06F5,6.0,6.0,8.0,6.0,,,Accept
StzAAh8RuD,6.0,6.0,5.0,,,,Accept
9GXoMs__ckJ,5.0,7.0,7.0,,,,Accept
BK0O0xLntFM,6.0,6.0,7.0,5.0,,,Accept
GWcdXz0M6a,7.0,7.0,6.0,,,,Accept
UDmPRm-P1nL,6.0,7.0,7.0,7.0,,,Accept
wYgRIJ-oK6M,7.0,5.0,7.0,,,,Accept
1C36tFZn7sR,7.0,7.0,5.0,5.0,,,Accept
9YasTgzma8c,6.0,6.0,7.0,6.0,,,Accept
Upt5wsECVJe,6.0,6.0,6.0,6.0,,,Accept
d0stFTU2dTI,6.0,6.0,7.0,5.0,,,Accept
UZJHudsQ7d,7.0,7.0,6.0,,,,Accept
Q6DJ12oQjrp,6.0,6.0,6.0,,,,Accept
Rqe-fJQtExY,6.0,5.0,7.0,7.0,5.0,,Accept
nLKkHwYP4Au,6.0,5.0,5.0,7.0,,,Accept
Fm7Dt3lC_s2,7.0,6.0,7.0,,,,Accept
bfz-jhJ8wn,5.0,6.0,4.0,5.0,,,Accept
hcVlMF3Nvxg,6.0,6.0,6.0,6.0,,,Accept
Yopob26XjmL,6.0,6.0,6.0,5.0,,,Accept
3AbigH4s-ml,6.0,6.0,6.0,7.0,,,Accept
aLNWp0pn1Ij,5.0,6.0,8.0,,,,Accept
nrksGSRT7kX,6.0,6.0,6.0,4.0,,,Accept
k713e8vXzwR,5.0,7.0,6.0,,,,Accept
VnAwNNJiwDb,5.0,7.0,7.0,6.0,,,Accept
-e2SBzFDE8x,7.0,8.0,7.0,7.0,,,Accept
dMK7EwoTYp,4.0,5.0,7.0,8.0,,,Accept
Euv1nXN98P3,7.0,6.0,6.0,,,,Accept
rnJzy8JnaX,4.0,6.0,6.0,,,,Accept
hBaI5MY0CBz,6.0,5.0,6.0,,,,Accept
5JdyRvTrK0q,6.0,6.0,6.0,,,,Accept
TrsAkAbC96,7.0,7.0,7.0,,,,Accept
cA8Zor8wFr5,4.0,6.0,8.0,5.0,,,Accept
O5arhQvBdH,5.0,4.0,7.0,,,,Accept
4pwCvvel8or,6.0,7.0,5.0,6.0,,,Accept
siG_S8mUWxf,7.0,6.0,5.0,6.0,,,Accept
XtyeppctGgc,7.0,7.0,7.0,7.0,,,Accept
qm5LpHyyOUO,6.0,8.0,6.0,8.0,5.0,,Accept
d4JmP1T45WE,7.0,4.0,8.0,4.0,,,Accept
mjUrg0uKpQ,7.0,6.0,6.0,3.0,,,Accept
fLIgyyQiJqz,4.0,6.0,3.0,8.0,,,Accept
js2ssA77fX,5.0,7.0,3.0,6.0,,,Accept
w5DacXWzQ-Q,4.0,5.0,6.0,5.0,,,Accept
ZG5Bi1N4V0U,6.0,7.0,4.0,7.0,,,Accept
wlEOsQ917F,8.0,7.0,6.0,,,,Accept
bMYU8_qD8PW,6.0,5.0,6.0,,,,Accept
0tG59j2efs,6.0,5.0,7.0,,,,Accept
gRK9SLQHTDV,7.0,4.0,4.0,7.0,,,Accept
1bE24ZURBqm,5.0,8.0,7.0,5.0,,,Accept
-bLLVk-WRPy,7.0,7.0,7.0,7.0,,,Accept
19MmorTQhho,5.0,6.0,6.0,5.0,,,Accept
NI7moUOKtc,7.0,6.0,7.0,,,,Accept
pd6ipu3jDw,6.0,6.0,6.0,,,,Accept
kyY4w4IgtM8,5.0,6.0,4.0,7.0,,,Accept
YxUdazpgweG,4.0,4.0,5.0,,,,Accept
qq84D17BPu,6.0,6.0,7.0,8.0,,,Accept
QFQoxCFYEkA,4.0,8.0,7.0,8.0,,,Accept
kImIIKGqDFA,7.0,6.0,4.0,5.0,,,Accept
35I4narr5A,5.0,5.0,6.0,,,,Accept
s7SukMH7ie9,8.0,6.0,7.0,6.0,,,Accept
kHrE2vi5Rvs,7.0,6.0,6.0,,,,Accept
PZtIiZ43E2R,5.0,7.0,7.0,,,,Accept
vK53GLZJes8,7.0,7.0,6.0,7.0,,,Accept
mvbr8A_eY2n,7.0,7.0,5.0,5.0,,,Accept
NN_TpS5dpo5,7.0,5.0,5.0,,,,Accept
i7WqjtdD0u,5.0,5.0,6.0,,,,Accept
BWEGx_GFCbL,5.0,7.0,5.0,6.0,5.0,,Accept
V88BafmH9Pj,5.0,8.0,5.0,7.0,,,Accept
Gsbnnc--bnw,7.0,6.0,6.0,5.0,,,Accept
LCWQ8OYsf-O,7.0,5.0,7.0,6.0,,,Accept
hYa_lseXK8,5.0,5.0,7.0,6.0,,,Accept
wO53HILzu65,5.0,7.0,6.0,7.0,,,Accept
mMT8bhVBoUa,7.0,6.0,7.0,,,,Accept
zuL5OYIBgcV,5.0,4.0,7.0,7.0,7.0,,Accept
YpyGV_i8Z_J,4.0,6.0,7.0,,,,Accept
ptUZl8xDMMN,7.0,6.0,7.0,,,,Accept
_r8pCrHwq39,4.0,5.0,7.0,8.0,,,Accept
c63eTNYh9Y,6.0,6.0,7.0,,,,Accept
AezHeiz7eF5,7.0,5.0,4.0,6.0,,,Accept
cy1TKLRAEML,6.0,6.0,7.0,6.0,,,Accept
3v44ls_4dbg,6.0,5.0,7.0,7.0,,,Accept
SbAaNa97bzp,6.0,4.0,6.0,7.0,6.0,,Accept
W-Z8n9HrWn0,5.0,6.0,7.0,8.0,,,Accept
t4vTbQnhM8,6.0,7.0,6.0,,,,Accept
KqI-bX-TfT,5.0,6.0,8.0,7.0,,,Accept
3I8VTXMhuPx,3.0,5.0,7.0,,,,Accept
iMK2LP0AogI,6.0,5.0,7.0,6.0,,,Accept
NJr8GBsyTF0,7.0,4.0,6.0,,,,Accept
S0TR0W63NKl,6.0,5.0,3.0,7.0,,,Accept
bGo0A4bJBc,4.0,3.0,8.0,,,,Accept
jJwy2kcBYv,4.0,7.0,6.0,6.0,,,Accept
TTM7iEFOTzJ,7.0,5.0,6.0,5.0,,,Accept
oprTuM8F3dt,7.0,5.0,5.0,6.0,,,Accept
VQ9fogN1q6e,7.0,6.0,6.0,7.0,,,Accept
0JV4VVBsK6a,6.0,4.0,6.0,5.0,,,Accept
NkK4i91VWp,7.0,6.0,6.0,8.0,,,Accept
zbuq101sCNV,5.0,4.0,6.0,6.0,,,Accept
HIslGib8XD,6.0,4.0,6.0,,,,Accept
omI5hgwgrsa,5.0,7.0,5.0,,,,Accept
LEqYZz7cZOI,6.0,7.0,7.0,8.0,,,Accept
KCXQ5HoM-fy,5.0,6.0,6.0,7.0,,,Accept
DhmYYrH_M3m,6.0,4.0,3.0,7.0,,,Accept
cj6K4IWVomU,7.0,3.0,6.0,6.0,,,Accept
8LE06pFhqsW,6.0,6.0,6.0,,,,Accept
htM1WJZVB2I,4.0,7.0,8.0,8.0,,,Accept
7a2IgJ7V4W,4.0,8.0,4.0,6.0,,,Accept
gtCPWaY5bNh,8.0,8.0,6.0,,,,Accept
ebuR5LWzkk0,5.0,7.0,6.0,,,,Accept
xL8sFkkAkw,6.0,6.0,6.0,5.0,,,Accept
QrK0WDLVHZt,7.0,7.0,6.0,4.0,,,Accept
Y4vT7m4e3d,5.0,6.0,3.0,7.0,,,Accept
CZNFw38dDDS,6.0,6.0,4.0,6.0,,,Accept
NQFFNdsOGD,7.0,8.0,8.0,7.0,6.0,,Accept
2ktj0977QGO,5.0,7.0,8.0,4.0,,,Accept
Siv3nHYHheI,7.0,7.0,5.0,,,,Accept
y5ziOXtKybL,5.0,7.0,5.0,,,,Accept
iKKfdIm81Jt,7.0,5.0,7.0,,,,Accept
nE8IJLT7nW-,5.0,7.0,7.0,6.0,,,Accept
QzFJmwwBMd,5.0,7.0,8.0,,,,Accept
IvnoGKQuXi,3.0,8.0,7.0,7.0,,,Accept
V3kqJWsKRu4,6.0,6.0,5.0,6.0,,,Accept
aGFQDrNb-KO,5.0,5.0,5.0,,,,Accept
a8qX5RG36jd,7.0,6.0,7.0,,,,Accept
Ojakr9ofova,6.0,7.0,7.0,,,,Accept
OzbkiUo24g,7.0,7.0,7.0,7.0,7.0,,Accept
L7P3IvsoUXY,6.0,8.0,8.0,6.0,,,Accept
r__gfIasEdN,5.0,7.0,6.0,8.0,,,Accept
-me36V0os8P,6.0,8.0,5.0,6.0,,,Accept
BgMz5LHc07R,6.0,6.0,6.0,,,,Accept
dUYLikScE-,6.0,6.0,6.0,,,,Accept
fzvDZ0mraPP,7.0,6.0,6.0,6.0,,,Accept
nJt27NQffr,6.0,5.0,8.0,,,,Accept
KglFYlTiASW,7.0,7.0,5.0,5.0,,,Accept
wlrYnGZ37Wv,6.0,5.0,6.0,6.0,,,Accept
osPA8Bs4MJB,6.0,5.0,5.0,5.0,5.0,,Accept
MbVS6BuJ3ql,7.0,7.0,8.0,5.0,,,Accept
kcQiIrvA_nz,8.0,7.0,5.0,,,,Accept
F7NQzsl334D,7.0,5.0,7.0,7.0,,,Accept
4F0Pd2Wjl0,6.0,7.0,7.0,7.0,,,Accept
vgIz0emVTAd,6.0,7.0,4.0,7.0,4.0,,Accept
6rhl2k1SUGs,6.0,8.0,4.0,,,,Accept
bIlUqzwObX,7.0,7.0,7.0,,,,Accept
p_g2nHlMus,6.0,7.0,7.0,5.0,,,Accept
--aQNMdJc9x,5.0,6.0,6.0,5.0,6.0,,Accept
V_4BQGbcwFB,8.0,5.0,6.0,6.0,,,Accept
IsHRUzXPqhI,6.0,7.0,4.0,4.0,,,Accept
0TDki1mlcwz,7.0,7.0,4.0,7.0,,,Accept
PO6cKxILdi,5.0,4.0,6.0,6.0,,,Accept
16nVkS8Twxo,6.0,6.0,7.0,7.0,,,Accept
tuC6teLFZD,7.0,5.0,7.0,,,,Accept
Q8GnGqT-GTJ,5.0,7.0,6.0,5.0,,,Accept
Soadfc-JMeX,5.0,5.0,5.0,,,,Accept
cRNl08YWRKq,6.0,5.0,7.0,5.0,,,Accept
1ryTomA0iKa,6.0,6.0,6.0,,,,Accept
C9yUwd72yy,7.0,6.0,6.0,7.0,,,Accept
tbId-oAOZo,6.0,6.0,6.0,6.0,,,Accept
OHkq7qNr72-,5.0,6.0,5.0,6.0,,,Accept
pCrB8orUkSq,6.0,3.0,7.0,6.0,,,Accept
jSorGn2Tjg,7.0,7.0,6.0,,,,Accept
QLGuUwDx4S,5.0,7.0,5.0,4.0,,,Accept
XrECTbqRCfX,5.0,5.0,7.0,4.0,,,Accept
QqWqFLbllZh,5.0,5.0,6.0,5.0,,,Accept
H5z5Q--YdYd,4.0,6.0,5.0,,,,Accept
GAUwreODU5L,8.0,6.0,7.0,7.0,,,Accept
3vYkhJIty7E,7.0,5.0,5.0,4.0,,,Accept
7KBzV5IL7W,8.0,5.0,5.0,,,,Accept
Zzi8Od19DSU,7.0,7.0,6.0,6.0,,,Accept
9s3CbJh4vRP,7.0,7.0,8.0,,,,Accept
UVF3yybAjF,6.0,7.0,6.0,3.0,,,Accept
VrJWseIN98,5.0,7.0,3.0,6.0,,,Accept
KFxIsdIvUj,4.0,7.0,6.0,6.0,,,Accept
4kjQZTNz-NH,5.0,6.0,7.0,,,,Accept
NgIf3FpcHie,6.0,7.0,6.0,8.0,,,Accept
pGcTocvaZkJ,7.0,7.0,6.0,6.0,,,Accept
AsH-Tx2U0Ug,8.0,7.0,5.0,7.0,,,Accept
er4GR0wHWQO,6.0,5.0,8.0,8.0,,,Accept
Lpla1jmJkW,7.0,3.0,7.0,,,,Accept
gbXqMdxsZIP,7.0,6.0,7.0,,,,Accept
m6DJxSuKuqF,5.0,5.0,6.0,7.0,,,Accept
qSYVigfakqS,4.0,6.0,6.0,,,,Accept
V03mpOjCwtg,6.0,6.0,6.0,,,,Accept
Bv8GV6d76Sy,6.0,6.0,5.0,7.0,,,Accept
VMU-hMsonit,6.0,6.0,8.0,7.0,,,Accept
nax3ATLrovW,6.0,6.0,6.0,,,,Accept
tvwkeAIcRP8,5.0,6.0,4.0,8.0,,,Accept
YCPmfirAcc,4.0,6.0,7.0,,,,Accept
Qt4rKNYzcO,6.0,5.0,5.0,6.0,,,Accept
q0XxMcbaZH9,7.0,5.0,5.0,5.0,,,Accept
kADW_LsENM,6.0,5.0,5.0,,,,Accept
r70ZpWKiCW,6.0,4.0,6.0,6.0,,,Accept
JSha3zfdmSo,5.0,5.0,6.0,6.0,,,Accept
mTXQIpXPDbh,6.0,5.0,5.0,6.0,,,Accept
_atSgd9Np52,7.0,7.0,6.0,6.0,,,Accept
YBsLfudKlBu,6.0,7.0,7.0,7.0,5.0,,Accept
fVslVNBfjd8,6.0,6.0,3.0,,,,Accept
MAMOi89bOL,8.0,4.0,8.0,4.0,,,Accept
Ho_zIH4LA90,7.0,8.0,5.0,7.0,,,Accept
7b7iGkuVqlZ,6.0,5.0,5.0,,,,Accept
HxZpawUrv9Q,7.0,6.0,7.0,7.0,,,Accept
A6EmxI3_Xc,4.0,6.0,3.0,,,,Accept
4R7YrAGhnve,5.0,5.0,4.0,5.0,,,Accept
Vt3_mJNrjt,5.0,7.0,4.0,6.0,,,Accept
-ZQOx6yaVa-,7.0,6.0,5.0,,,,Accept
jtq4KwZ9_n9,6.0,5.0,5.0,5.0,,,Accept
SLdfxFdIFeN,7.0,7.0,5.0,8.0,,,Accept
qf12cWVSksq,7.0,8.0,8.0,7.0,,,Accept
luGXvawYWJ,7.0,5.0,6.0,,,,Accept
q6bZruC3dWJ,5.0,5.0,6.0,5.0,,,Accept
xnuN2vGmZA0,7.0,6.0,7.0,7.0,,,Accept
kZnGYt-3f_X,6.0,8.0,7.0,7.0,,,Accept
ucNDIDRNjjv,4.0,4.0,7.0,7.0,,,Accept
lme1MKnSMb,5.0,7.0,7.0,3.0,,,Accept
sGugMYr3Hdy,8.0,5.0,5.0,6.0,,,Accept
bntkx18xEb4,5.0,4.0,6.0,7.0,,,Accept
2-REuflJDT,6.0,4.0,7.0,,,,Accept
mMuVRbsvPyw,5.0,6.0,5.0,7.0,,,Accept
9aLbntHz1Uq,7.0,3.0,6.0,,,,Accept
LMuh9bS4tqF,5.0,6.0,7.0,7.0,,,Accept
7rcuQ_V2GFg,6.0,8.0,7.0,6.0,,,Accept
owZdBnUiw2,6.0,6.0,5.0,4.0,5.0,,Accept
evRyKOjOx20,7.0,7.0,5.0,,,,Accept
kEPAmGivMD,7.0,6.0,4.0,,,,Accept
CZwh1XdAhNv,8.0,8.0,8.0,,,,Accept
fT9W53lLxNS,7.0,7.0,6.0,3.0,,,Accept
mXP-qQcYCBN,8.0,6.0,6.0,,,,Accept
f3zNgKga_ep,5.0,6.0,9.0,7.0,,,Accept
ZJe-XahpyBf,5.0,6.0,6.0,6.0,,,Accept
vkGk2HI8oOP,5.0,7.0,4.0,,,,Accept
319xcX5qIcO,5.0,5.0,7.0,7.0,,,Accept
1ItkxrZP0rg,8.0,7.0,6.0,6.0,,,Accept
1pHC-yZfaTK,7.0,6.0,6.0,7.0,,,Accept
VOPiHQUevh5,5.0,4.0,7.0,,,,Accept
mmzkqUKNVm,4.0,7.0,6.0,7.0,,,Accept
q__FmUtPZd9,6.0,4.0,7.0,5.0,,,Accept
LCIZmSw1DuE,4.0,5.0,7.0,5.0,,,Accept
v6CqBssIwYw,5.0,6.0,5.0,7.0,,,Accept
zkQho-Jxky9,7.0,6.0,6.0,7.0,,,Accept
DDEwoD608_l,4.0,10.0,4.0,4.0,,,Accept
8wtaJ9dE9Y2,5.0,6.0,5.0,7.0,,,Accept
tbdk6XLYmZj,4.0,7.0,6.0,6.0,,,Accept
6H2pBoPtm0s,6.0,6.0,7.0,6.0,,,Accept
lSfrwyww-FR,6.0,4.0,4.0,6.0,,,Accept
ymAsTHhrnGm,8.0,7.0,3.0,,,,Accept
NMTSIY6ykw7,7.0,8.0,5.0,8.0,,,Accept
z9poo2GhOh6,6.0,6.0,6.0,8.0,,,Accept
pn5trhFskOt,8.0,7.0,7.0,7.0,,,Accept
CKbqDtZnSc,7.0,6.0,8.0,7.0,,,Accept
zAc2a6_0aHb,8.0,7.0,8.0,,,,Accept
gyZMZBiI9Cw,8.0,7.0,7.0,7.0,,,Accept
iH4eyI5A7o,6.0,6.0,7.0,,,,Accept
qqIrESv4f_L,7.0,6.0,5.0,5.0,,,Accept
0ucMtEKCihU,3.0,3.0,6.0,8.0,,,Accept
fJguu0okUY1,5.0,6.0,5.0,5.0,,,Accept
59pMU2xFxG,5.0,6.0,6.0,5.0,,,Accept
K48UYo0glaJ,7.0,8.0,8.0,6.0,,,Accept
IiCsx9KNVa0,7.0,5.0,5.0,6.0,,,Accept
JVoKzM_-lhz,5.0,6.0,6.0,6.0,,,Accept
GoOuIrDHG_Y,6.0,5.0,7.0,,,,Accept
BRIL0EFvTgc,7.0,5.0,3.0,6.0,,,Accept
hH9ohGbhyv,7.0,4.0,5.0,,,,Accept
ZChgD8OoGds,7.0,7.0,4.0,6.0,7.0,7.0,Accept
G1vrYk9uX-_,7.0,4.0,7.0,7.0,4.0,,Accept
zfo2LqFEVY,4.0,6.0,6.0,,,,Accept
oW4Zz0zlbFF,7.0,6.0,6.0,7.0,,,Accept
nJWcpq2fco3,6.0,6.0,6.0,6.0,,,Accept
Sj2z__i1wX-,7.0,6.0,6.0,,,,Accept
DgM7-7eMkq0,7.0,7.0,4.0,6.0,,,Accept
ZYKWi6Ylfg,4.0,2.0,3.0,7.0,,,Accept
JoZyVgp1hm,8.0,6.0,8.0,,,,Accept
-deKNiSOXLG,6.0,3.0,6.0,5.0,,,Accept
ikXoMuy_H4,7.0,6.0,5.0,,,,Accept
2OdAggzzF3z,5.0,6.0,6.0,,,,Accept
CCBJf9xJo2X,5.0,7.0,5.0,7.0,,,Accept
RYZyj_wwgfa,7.0,6.0,6.0,,,,Accept
QK38rpF8RWL,6.0,7.0,6.0,4.0,,,Accept
wxWTyJtiJZ,5.0,7.0,6.0,4.0,,,Accept
32Ryt4pAHeD,3.0,4.0,8.0,4.0,,,Accept
kb33f8J83c,5.0,8.0,6.0,,,,Accept
T5TtjbhlAZH,6.0,6.0,7.0,6.0,,,Accept
ZMrZ5SC2G3_,8.0,6.0,6.0,,,,Accept
wfel7CjOYk,5.0,6.0,7.0,,,,Accept
Lp-QFq2QRXA,5.0,7.0,6.0,,,,Accept
hOVEBHpHrMu,4.0,5.0,7.0,,,,Accept
IvJj3CvjqHC,6.0,3.0,7.0,,,,Accept
r9b6T088_75,5.0,4.0,8.0,5.0,,,Accept
Blbzv2ZjT7,6.0,6.0,6.0,,,,Accept
ouXTjiP0ffV,6.0,7.0,7.0,3.0,,,Accept
SsA-0BZa7B_,6.0,6.0,7.0,,,,Accept
V9ngeCMsZK3,7.0,6.0,6.0,5.0,,,Accept
lAN7mytwrIy,5.0,5.0,5.0,7.0,,,Accept
SeHslYhFx5-,6.0,6.0,6.0,7.0,,,Accept
uP9RiC4uVcR,5.0,6.0,7.0,,,,Accept
9njZa1fm35,7.0,6.0,5.0,7.0,,,Accept
NIrbtCdxfBl,8.0,5.0,8.0,3.0,,,Accept
Mftcm8i4sL,5.0,7.0,8.0,,,,Accept
NhrbIME2Ljl,6.0,8.0,5.0,,,,Accept
znNmsN_O7Sh,5.0,6.0,7.0,5.0,,,Accept
xs9Sia9J_O,6.0,5.0,6.0,6.0,,,Accept
-GgDBzwZ-e7,7.0,6.0,6.0,,,,Accept
u4dXcUEsN7B,6.0,7.0,7.0,,,,Accept
9t-j3xDm7_Q,5.0,8.0,7.0,7.0,,,Accept
aKXBrj0DHm,6.0,6.0,5.0,4.0,,,Accept
6avZnPpk7m9,5.0,7.0,7.0,5.0,,,Accept
agTr-vRQsa,6.0,6.0,7.0,8.0,,,Accept
ievxJqXwPCm,6.0,6.0,6.0,6.0,,,Accept
b90lKL1IqcF,7.0,5.0,6.0,,,,Accept
wQ2QNNP8GtM,8.0,4.0,8.0,8.0,,,Accept
iCxRsZcVVAH,6.0,4.0,6.0,,,,Accept
lgj33-O1Ely,7.0,6.0,7.0,,,,Accept
EAcWgk7JM58,5.0,6.0,4.0,7.0,,,Accept
wtuYr8_KhyM,7.0,7.0,9.0,3.0,,,Accept
YTXIIc7cAQ,6.0,5.0,5.0,5.0,,,Accept
0cn6LSqwjUv,5.0,6.0,6.0,4.0,,,Accept
XdDl3bFUNn5,6.0,5.0,7.0,7.0,,,Accept
fiBnhdazkyx,5.0,7.0,5.0,6.0,4.0,,Accept
x8DNliTBSYY,6.0,6.0,6.0,5.0,,,Accept
pMumil2EJh,5.0,7.0,5.0,5.0,,,Accept
Zk1SbbdZwS,6.0,7.0,6.0,,,,Accept
2EwEWrNADpT,7.0,7.0,6.0,,,,Accept
evWx_rWWJuG,6.0,6.0,7.0,,,,Accept
fU-m9kQe0ke,6.0,8.0,7.0,7.0,,,Accept
QYD9bDWR3R_,6.0,7.0,7.0,,,,Accept
IzpgGB5pC_s,5.0,7.0,6.0,7.0,,,Accept
QRKmc0dRP75,2.0,7.0,7.0,6.0,,,Accept
_w2-1nXNjvv,7.0,7.0,8.0,3.0,,,Accept
QjurhjyTAb,5.0,7.0,5.0,4.0,,,Accept
RgWjps_LdkJ,7.0,6.0,4.0,5.0,,,Accept
eQfuHqEsUj,5.0,6.0,6.0,,,,Accept
BNqRpzwyOFU,5.0,5.0,6.0,6.0,,,Accept
TN4UpY_Qzo,7.0,6.0,7.0,7.0,,,Accept
GwXrGy_vc8m,5.0,7.0,4.0,6.0,,,Accept
t6O08FxvtBY,5.0,7.0,8.0,2.0,,,Accept
_w-ivKc1cj,6.0,6.0,7.0,,,,Accept
_VF5QKgXoqt,5.0,5.0,4.0,,,,Accept
Gpqqm4p91Ez,6.0,6.0,5.0,7.0,,,Accept
BZ92dxDS3tO,6.0,5.0,3.0,6.0,,,Accept
rY2wXCSruO,6.0,1.0,7.0,,,,Accept
Qb-AoSw4Jnm,7.0,5.0,4.0,,,,Accept
A1yGs_SWiIi,7.0,7.0,7.0,,,,Accept
1tnVNogPUz9,6.0,6.0,7.0,8.0,,,Accept
Ag3ycrdh6n,6.0,6.0,4.0,5.0,,,Accept
JGLW4DvX11F,7.0,7.0,4.0,6.0,,,Accept
GKfNB4BegL,6.0,6.0,8.0,,,,Accept
kCTZt0b9DQz,7.0,4.0,7.0,4.0,,,Accept
dVXO3Orjmxk,7.0,4.0,3.0,7.0,,,Accept
0ltDq6SjrfW,7.0,6.0,6.0,6.0,,,Accept
wS23xAeKwSN,5.0,7.0,4.0,6.0,4.0,,Accept
sde_7ZzGXOE,8.0,8.0,8.0,8.0,,,Accept
1qXIyIxLbEu,6.0,5.0,5.0,7.0,,,Accept
h10xdBrOxNI,6.0,7.0,4.0,5.0,,,Accept
UaXD4Al3mdb,7.0,8.0,7.0,,,,Accept
V91cZ9i_sV3,7.0,5.0,5.0,,,,Accept
QfI_usBXNCM,5.0,5.0,5.0,8.0,6.0,,Accept
-T5seeOMnM5,7.0,7.0,6.0,,,,Accept
lXUp6skJ7r,6.0,3.0,7.0,,,,Accept
_yEcbgIT68e,7.0,5.0,5.0,6.0,,,Accept
gkQkZy-pRik,8.0,6.0,6.0,5.0,,,Accept
5VCT-DptDTs,6.0,4.0,6.0,,,,Accept
RF5Lb6NaZp,7.0,6.0,7.0,,,,Accept
oWx_9VJgyV7,6.0,6.0,5.0,3.0,,,Accept
m7CmxlpHTiu,5.0,7.0,5.0,,,,Accept
gwsnBjNcVEe,4.0,6.0,4.0,3.0,,,Accept
G6cJsOOx2R3,5.0,8.0,6.0,6.0,,,Accept
VhgC3SMTiy,6.0,7.0,6.0,7.0,,,Accept
rWgfLdqVVl_,5.0,7.0,5.0,,,,Accept
GGtH47T31ZC,4.0,5.0,5.0,6.0,,,Accept
Aisi2oEq1sc,6.0,5.0,7.0,,,,Accept
juE5ErmZB61,7.0,5.0,8.0,7.0,,,Accept
80RnitDehg_,6.0,4.0,6.0,7.0,,,Accept
acKK8MQe2xc,5.0,5.0,6.0,5.0,,,Accept
VgOw1pUPh97,6.0,7.0,5.0,6.0,,,Accept
Iqm6AiHPs_z,6.0,5.0,6.0,6.0,,,Accept
lTKXh991Ayv,6.0,4.0,6.0,7.0,,,Accept
Pyd6Rh9r1OT,5.0,6.0,9.0,6.0,,,Accept
rA2tItoRUth,8.0,6.0,5.0,,,,Accept
7YTh6S8HIY,6.0,5.0,8.0,5.0,7.0,,Accept
NjImFaBEHl,5.0,5.0,5.0,8.0,,,Accept
S7Evzt9uit3,4.0,6.0,6.0,7.0,,,Accept
OjS3nkNATOw,5.0,6.0,6.0,,,,Accept
m67FNFdgLO9,5.0,6.0,6.0,5.0,,,Accept
H3JObxjd8S,7.0,5.0,7.0,6.0,,,Accept
uV_VYGB3FCi,6.0,6.0,8.0,,,,Accept
8rZYMpFUgK,5.0,7.0,7.0,8.0,,,Accept
xubxAVbOsw,8.0,7.0,8.0,,,,Accept
CJGUABT_COm,6.0,7.0,6.0,6.0,,,Accept
Ddd6FqHXmHA,6.0,9.0,6.0,,,,Accept
csr9uRmTC3f,8.0,7.0,7.0,,,,Accept
MbCAOMGsZXC,6.0,5.0,6.0,,,,Accept
u4ihlSG240n,7.0,5.0,6.0,,,,Accept
MK_130d4Y0,5.0,6.0,4.0,,,,Accept
9uRS5ysgb9,6.0,7.0,6.0,,,,Accept
qVtbqSwOxy6,6.0,7.0,6.0,,,,Accept
dozWFpOJcOD,6.0,6.0,5.0,5.0,,,Accept
1tIUqrUuJxx,6.0,7.0,5.0,7.0,,,Accept
V0GwAmDclY,8.0,5.0,4.0,,,,Accept
wOUH1VQ9Rcj,5.0,7.0,6.0,,,,Accept
AUz5Oig77OS,5.0,6.0,4.0,,,,Accept
5kThooa07pf,6.0,4.0,6.0,,,,Accept
kXXPLBEBVGH,5.0,7.0,4.0,,,,Reject
dJgYhYKvr1,5.0,5.0,6.0,,,,Reject
_1bgdFHhA70,2.0,3.0,3.0,,,,Reject
e2M4CNa-UOS,4.0,4.0,8.0,,,,Reject
QYhUhMOI4C,3.0,6.0,3.0,,,,Reject
GBEimWWM9ii,2.0,3.0,5.0,,,,Reject
LsWxgJZpRl,5.0,7.0,6.0,5.0,,,Reject
jwOg8J1yZ-a,4.0,4.0,7.0,7.0,,,Reject
30bPCDjdxPU,3.0,5.0,3.0,3.0,,,Reject
nVV6S2sb_UL,4.0,8.0,7.0,6.0,,,Reject
yjybfsIUdNu,6.0,7.0,4.0,,,,Reject
n7XbkHOwKn6,6.0,6.0,3.0,6.0,,,Reject
7yvu4qOKtn1,6.0,6.0,6.0,5.0,,,Reject
uCXNOeL0TG,6.0,3.0,7.0,,,,Reject
6UtOXn1LwNE,7.0,4.0,3.0,4.0,,,Reject
BlF6CWzWKT7,7.0,6.0,6.0,,,,Reject
1BJUwgi3ed,5.0,5.0,7.0,,,,Reject
xOqqlH_E5k0,6.0,4.0,6.0,4.0,,,Reject
9zWlrwlT9-j,5.0,6.0,5.0,5.0,,,Reject
IZXIfq0CuTa,6.0,4.0,4.0,4.0,,,Reject
FjqBs4XKe87,7.0,5.0,7.0,,,,Reject
KHoV9zn1jLE,3.0,3.0,7.0,,,,Reject
IKcdgKKA_cs,6.0,3.0,3.0,,,,Reject
TfMeY_L_l6t,6.0,4.0,4.0,4.0,,,Reject
HH3GHN_Q1Ba,4.0,5.0,6.0,,,,Reject
xT5rDp5VqKO,2.0,1.0,2.0,,,,Reject
-kS21GWVJU,4.0,7.0,7.0,,,,Reject
pZtdVOQuA3,3.0,3.0,4.0,,,,Reject
eE-S1U5GG94,2.0,4.0,4.0,5.0,,,Reject
EaRoPGzxRkO,6.0,6.0,5.0,7.0,,,Reject
2TdPjch_ogV,6.0,5.0,3.0,6.0,,,Reject
Fjw_7Hv-mwB,3.0,4.0,7.0,4.0,4.0,5.0,Reject
iAWNOXfLz0,5.0,4.0,3.0,,,,Reject
5zwnqUwphT,6.0,4.0,3.0,,,,Reject
x4JZ3xX5mtv,7.0,6.0,6.0,6.0,,,Reject
Ih2bG6h1r4S,5.0,3.0,3.0,,,,Reject
CT5KJGfX4s-,8.0,7.0,8.0,,,,Reject
RYTGIZxY5rJ,6.0,3.0,6.0,5.0,,,Reject
WIJ2SfPTj8c,7.0,5.0,5.0,5.0,,,Reject
cx5ViLfcVq,4.0,4.0,4.0,6.0,,,Reject
nzuuao_V-B_,3.0,6.0,2.0,3.0,,,Reject
sQ2LdeHNMej,6.0,5.0,5.0,,,,Reject
B4EsCSj1vQL,2.0,3.0,2.0,2.0,,,Reject
jtW73TIGnd,4.0,5.0,4.0,3.0,,,Reject
WljzqTo9xzw,6.0,6.0,5.0,5.0,,,Reject
I59qJ0sJ2nh,5.0,6.0,7.0,6.0,5.0,,Reject
toR64fsPir,4.0,7.0,5.0,,,,Reject
xjXN3wEvCGG,6.0,6.0,3.0,,,,Reject
fARM4P0gAJV,6.0,7.0,4.0,,,,Reject
8uiblU3fEjE,3.0,2.0,4.0,,,,Reject
xbJAITw9Z6t,5.0,5.0,6.0,,,,Reject
msFfpucKMf,6.0,3.0,3.0,,,,Reject
L2Niz4Olng,4.0,4.0,7.0,3.0,,,Reject
r4RRwBCPDv5,2.0,3.0,7.0,,,,Reject
zkk_7sV6gm8,5.0,6.0,5.0,,,,Reject
x0LCDsbJ5JF,4.0,5.0,3.0,5.0,5.0,,Reject
ztcfHweENtU,6.0,6.0,4.0,,,,Reject
GIZlheqznkT,3.0,6.0,3.0,7.0,5.0,,Reject
zSeoDvsDCe,3.0,7.0,6.0,6.0,,,Reject
401LFvBGIb,4.0,6.0,7.0,2.0,,,Reject
XcDVT8HarS,6.0,6.0,4.0,5.0,,,Reject
qJpEiCrM3XK,6.0,5.0,4.0,6.0,,,Reject
Fn17vlng9pD,5.0,6.0,6.0,,,,Reject
iivHwZoWzR4,7.0,5.0,6.0,,,,Reject
TwyEk7HzJb6,7.0,6.0,3.0,5.0,,,Reject
k_XHLBD4qPO,4.0,3.0,4.0,3.0,,,Reject
foMcvT6R3VT,5.0,4.0,4.0,5.0,,,Reject
D87gRf2-np,4.0,3.0,7.0,6.0,,,Reject
CEjuyeZj1jz,5.0,6.0,6.0,,,,Reject
rjbl59Qkf_,4.0,5.0,7.0,4.0,,,Reject
ePgJfxYxl7m,6.0,7.0,3.0,,,,Reject
dfOBSd3tF9p,5.0,6.0,6.0,7.0,,,Reject
RdJY39KRUCX,5.0,5.0,5.0,,,,Reject
VRvMQq3d1l0,5.0,6.0,6.0,,,,Reject
unb1wyXf-aC,6.0,3.0,3.0,3.0,7.0,4.0,Reject
Mf3CwoSuvwv,4.0,4.0,3.0,3.0,,,Reject
LPB2BFZvncQ,3.0,7.0,4.0,4.0,,,Reject
uKYvlNgahrz,4.0,7.0,3.0,6.0,,,Reject
4WgqjmYacAf,6.0,6.0,6.0,,,,Reject
Qr8n979lusV,5.0,3.0,5.0,6.0,,,Reject
1r1GDXPtuWz,2.0,4.0,3.0,,,,Reject
GGBe1uQ_g_8,4.0,5.0,5.0,4.0,,,Reject
mxzIrQIOGIK,7.0,6.0,5.0,3.0,,,Reject
jv1bis_HYBL,3.0,4.0,4.0,4.0,,,Reject
Sffus7SolE,5.0,5.0,6.0,5.0,,,Reject
xDaoT2zlJ0r,5.0,6.0,6.0,7.0,,,Reject
2nJdh_C-UWe,3.0,7.0,5.0,3.0,,,Reject
kuJQ_NwJO8_,4.0,6.0,3.0,,,,Reject
SOqGrmufeRg,2.0,4.0,3.0,,,,Reject
fn0FXlXkzL,5.0,6.0,4.0,,,,Reject
VarZY6BY12h,6.0,6.0,5.0,6.0,,,Reject
qbSB_cnFSYn,3.0,7.0,7.0,,,,Reject
GGi4igGZEB-,4.0,6.0,7.0,,,,Reject
q-tTkgjuiv5,5.0,3.0,4.0,8.0,,,Reject
plu6AK3qs5T,6.0,3.0,6.0,4.0,,,Reject
pOEN7dDC0d,5.0,8.0,6.0,,,,Reject
Eccx2-_vZS4,3.0,3.0,4.0,,,,Reject
QeRAyn4igEA,4.0,5.0,4.0,,,,Reject
70bBDacSpNn,4.0,3.0,3.0,3.0,,,Reject
8ow4YReXH9j,7.0,6.0,7.0,8.0,,,Reject
Rym8_qTIB7o,4.0,7.0,7.0,4.0,,,Reject
vaxPmiHE3S,6.0,6.0,5.0,,,,Reject
c7sI8S-YIS_,3.0,7.0,8.0,,,,Reject
duBoAyn9aI,8.0,3.0,3.0,,,,Reject
AIqC7F7xV-d,4.0,3.0,5.0,,,,Reject
pAq8iDy00Oa,5.0,4.0,7.0,7.0,,,Reject
Ms6QZafNv01,6.0,6.0,5.0,4.0,,,Reject
Yo0s4qp_UMR,4.0,6.0,4.0,,,,Reject
0oQv1Ftt_gK,6.0,3.0,6.0,,,,Reject
WyiM4lDJOcK,3.0,3.0,7.0,3.0,,,Reject
vdxOesWgbyN,6.0,6.0,6.0,4.0,,,Reject
-QHUWgkh1OY,3.0,4.0,7.0,,,,Reject
VwRFJi9crEH,6.0,4.0,5.0,5.0,,,Reject
UPZCt9perOn,5.0,5.0,6.0,,,,Reject
IfFZr1gl0b,6.0,4.0,6.0,4.0,,,Reject
hciwLGxCt6S,6.0,5.0,5.0,,,,Reject
JSBgIaxAXk9,4.0,5.0,5.0,,,,Reject
2EBn01PJh17,3.0,4.0,6.0,,,,Reject
wcBXsXIf-n9,5.0,5.0,6.0,4.0,,,Reject
0IywQ8uxJx,4.0,4.0,6.0,6.0,,,Reject
lxdWr1jN8-h,4.0,7.0,6.0,,,,Reject
DSoFfnmUSjS,5.0,3.0,7.0,5.0,,,Reject
2EufPS5ABlJ,4.0,5.0,5.0,7.0,,,Reject
LC1jyMUalIA,7.0,6.0,5.0,,,,Reject
AdK9_GTEvG,6.0,5.0,5.0,6.0,,,Reject
WyQAmQ8WIU,3.0,4.0,4.0,7.0,,,Reject
KWN3I1koJsU,9.0,3.0,4.0,4.0,,,Reject
dcmp81De77k,3.0,4.0,5.0,3.0,,,Reject
yewD_qbYifc,3.0,3.0,3.0,,,,Reject
vfR3gtIFd8Y,3.0,4.0,5.0,4.0,,,Reject
Bq2-WN5csW,3.0,3.0,4.0,8.0,,,Reject
fXq93VpCIy,5.0,4.0,5.0,4.0,,,Reject
DGwX7wSoC-,7.0,3.0,5.0,4.0,,,Reject
x2WTG5bV977,4.0,4.0,4.0,3.0,,,Reject
LT6-Mxgb3QB,7.0,6.0,6.0,,,,Reject
9U4gLR_lRP,2.0,6.0,5.0,5.0,,,Reject
2EQzEE5seF,4.0,5.0,3.0,4.0,,,Reject
jAL8Rt7HqB,3.0,6.0,6.0,6.0,,,Reject
2nYz4WZAne4,3.0,5.0,2.0,3.0,,,Reject
8FuITQn6rG3,6.0,5.0,4.0,6.0,,,Reject
QNBzcgY0f4e,2.0,1.0,2.0,,,,Reject
Qoow6uXwjnA,7.0,3.0,3.0,8.0,,,Reject
pk1C2qQ3nEQ,6.0,3.0,3.0,4.0,,,Reject
b9APFSTylGT,7.0,6.0,7.0,,,,Reject
MG3YN3z1J4M,4.0,3.0,4.0,,,,Reject
6tRhLrki6b8,4.0,5.0,3.0,,,,Reject
QUyasQGv1Nl,6.0,6.0,5.0,,,,Reject
vExdPu73R2z,7.0,4.0,6.0,,,,Reject
BYLysbfdJOd,7.0,7.0,3.0,,,,Reject
_efamP7PSjg,6.0,5.0,5.0,4.0,,,Reject
vKBdabh_WV,3.0,8.0,6.0,7.0,,,Reject
A6O79ipjlJC,2.0,3.0,3.0,3.0,,,Reject
jowVZoitZYu,5.0,6.0,6.0,4.0,,,Reject
